Title,Authors,PmcId,Citations,Url
GLOBAL EPIDEMIOLOGY OF HIV AMONG FEMALE SEX WORKERS: INFLUENCE OF STRUCTURAL DETERMINANTS,K Shannon; SA Strathdee; SM Goldenberg; P Duff; P Mwangi; M Rusakova; S Reza-Paul; J Lau; K Deering; M Pickles; M-C Boily,4297548,,https://www.ncbi.nlm.nih.gov/pmc/articles/PMC4297548/
THE LANCET SERIES ON HIV IN SEX WORKERS; PAPER 4 BURDEN AND HIV IMPACT OF HUMAN RIGHTS VIOLATIONS AGAINST SEX WORKERS,Michele R. Decker; Anna-Louise Crago; Sandra Ka Hon Chu; Susan G. Sherman; Meena Saraswathi Seshu; Kholi Buthelezi; Mandeep Dhaliwal; Chris Beyrer,4454473,,https://www.ncbi.nlm.nih.gov/pmc/articles/PMC4454473/
Human rights abuses and collective resilience among sex workers in four African countries: a qualitative study,Fiona Scorgie; Katie Vasey; Eric Harper; Marlise Richter; Prince Nare; Sian Maseko; Matthew F Chersich,3750273,,https://www.ncbi.nlm.nih.gov/pmc/articles/PMC3750273/
HIV Programs for Sex Workers: Lessons and Challenges for Developing and Delivering Programs,David Wilson,4469316,,https://www.ncbi.nlm.nih.gov/pmc/articles/PMC4469316/
Sex with Sex Workers among Latino Day Laborers in Suburban Maryland,Fernanda T. Bianchi; Carol A. Reisen; Felisa A. Gonzales; Juan C. Arroyo; Maria Cecilia Zea; Paul J. Poppen,4745421,413997;245756;235688;221836;219146,https://www.ncbi.nlm.nih.gov/pmc/articles/PMC4745421/
Community empowerment and involvement of female sex workers in targeted sexual and reproductive health interventions in Africa: a systematic review,Lizzie Moore; Matthew F Chersich; Richard Steen; Sushena Reza-Paul; Ashar Dhana; Bea Vuylsteke; Yves Lafort; Fiona Scorgie,4074148,,https://www.ncbi.nlm.nih.gov/pmc/articles/PMC4074148/
Social Cohesion; Social Participation; and HIV Related Risk among Female Sex Workers in Swaziland,Virginia A. Fonner; Deanna Kerrigan; Zandile Mnisi; Sosthenes Ketende; Caitlin E. Kennedy; Stefan Baral,3909117,,https://www.ncbi.nlm.nih.gov/pmc/articles/PMC3909117/
Sex worker activism; feminist discourse and HIV in Bangladesh,Habiba Sultana,4391286,1145278,https://www.ncbi.nlm.nih.gov/pmc/articles/PMC4391286/
Work environments and HIV prevention: a qualitative review and meta-synthesis of sex worker narratives,Shira M. Goldenberg; Putu Duff; Andrea Krusi,4681074,,https://www.ncbi.nlm.nih.gov/pmc/articles/PMC4681074/
Epidemic Impacts of a Community Empowerment Intervention for HIV Prevention among Female Sex Workers in Generalized and Concentrated Epidemics,Andrea L. Wirtz; Carel Pretorius; Chris Beyrer; Stefan Baral; Michele R. Decker; Susan G. Sherman; Michael Sweat; Tonia Poteat; Jennifer Butler; Robert Oelrichs; Iris Semini; Deanna Kerrigan,3916392,,https://www.ncbi.nlm.nih.gov/pmc/articles/PMC3916392/
A systematic review of the clinical and social epidemiological research among sex workers in Uganda,Katherine A. Muldoon,4674940,,https://www.ncbi.nlm.nih.gov/pmc/articles/PMC4674940/
Female Sex Worker Social Networks and STI/HIV Prevention in South China,Joseph D. Tucker; Hua Peng; Kaidi Wang; Helena Chang; Sen-Miao Zhang; Li-Gang Yang; Bin Yang,3172283,,https://www.ncbi.nlm.nih.gov/pmc/articles/PMC3172283/
Criminalisation of clients: reproducing vulnerabilities for violence and poor health among street-based sex workers in Canada—a qualitative study,A Krüsi; K Pacey; L Bird; C Taylor; J Chettiar; S Allan; D Bennett; J S Montaner; T Kerr; K Shannon,4054637,3081149;1880629,https://www.ncbi.nlm.nih.gov/pmc/articles/PMC4054637/
“When they know that you are a sex worker; you will be the last person to be treated”: Perceptions and experiences of female sex workers in accessing HIV services in Uganda,Rhoda K. Wanyenze; Geofrey Musinguzi; Juliet Kiguli; Fred Nuwaha; Geoffrey Mujisha; Joshua Musinguzi; Jim Arinaitwe; Joseph K. B. Matovu,5420144,,https://www.ncbi.nlm.nih.gov/pmc/articles/PMC5420144/
Barriers to Cervical Screening Among Sex Workers in Vancouver,Putu Duff; Gina Ogilvie; Jean Shoveller; Ofer Amram; Jill Chettiar; Paul Nguyen; Sabina Dobrer; Julio Montaner; Kate Shannon,4724251,2808137,https://www.ncbi.nlm.nih.gov/pmc/articles/PMC4724251/
A Systematic Review of the Correlates of Violence Against Sex Workers,Kathleen N. Deering; Avni Amin; Jean Shoveller; Ariel Nesbitt; Claudia Garcia-Moreno; Putu Duff; Elena Argento; Kate Shannon,3987574,4677666;4023304;3715022;3151652;1906702;1866361;1807911;1540447,https://www.ncbi.nlm.nih.gov/pmc/articles/PMC3987574/
“Whatever I have; I have made by coming into this profession”: The intersection of resources; agency; and achievements in pathways to sex work in Kolkata; India,Dallas Swendeman; Anne E. Fehrenbacher; Samira Ali; Sheba George; Deborah Mindry; Mallory Collins; Toorjo Ghose; Bharati Dey,4382371,,https://www.ncbi.nlm.nih.gov/pmc/articles/PMC4382371/
High burden of STI and HIV in male sex workers working as internet escorts for men in an observational study: a hidden key population compared with female sex workers and other men who have sex with men,Amanja Verhaegh-Haasnoot; Nicole H. T. M. Dukers-Muijrers; Christian J. P. A. Hoebe,4517560,,https://www.ncbi.nlm.nih.gov/pmc/articles/PMC4517560/
Enhancing the Ethical Conduct of HIV Research with Migrant Sex Workers: Human Rights; Policy; and Social Contextual Influences,Shira M. Goldenberg; Kimberly C. Brouwer; Teresita Rocha Jimenez; Sonia Morales Miranda; Monica Rivera Mindt,4861265,,https://www.ncbi.nlm.nih.gov/pmc/articles/PMC4861265/
Priority interventions to reduce HIV transmission in sex work settings in sub-Saharan Africa and delivery of these services,Matthew F Chersich; Stanley Luchters; Innocent Ntaganira; Antonio Gerbase; Ying-Ru Lo; Fiona Scorgie; Richard Steen,3589546,,https://www.ncbi.nlm.nih.gov/pmc/articles/PMC3589546/
Arresting HIV: Fostering Partnerships between Sex Workers and Police to Reduce HIV Risk and Promote Professionalization within Policing Institutions: A Realist Review,Brigitte Tenni; Jenae Carpenter; Nicholas Thomson,4619424,,https://www.ncbi.nlm.nih.gov/pmc/articles/PMC4619424/
Sex Work Venue and Condom Use among Female Sex Workers in Senggigi; Indonesia,Iko Safika; Judith A. Levy; Timothy P. Johnson,3683348,3864192,https://www.ncbi.nlm.nih.gov/pmc/articles/PMC3683348/
Sex worker-led structural interventions in India: a case study on addressing violence in HIV prevention through the Ashodaya Samithi collective in Mysore,Sushena Reza-Paul; Rob Lorway; Nadia O’Brien; Lisa Lazarus; Jinendra Jain; M. Bhagya; Mary P Fathima; KT Venukumar; K.N. Raviprakash; James Baer; Richard Steen,3307193,,https://www.ncbi.nlm.nih.gov/pmc/articles/PMC3307193/
Intimate-Partner and Client-Initiated Violence among Female Street-Based Sex Workers in China: Does a Support Network Help?,Katie Hail-Jares; Ruth C. F. Chang; Sugy Choi; Huang Zheng; Na He; Z. Jennifer Huang,4586135,,https://www.ncbi.nlm.nih.gov/pmc/articles/PMC4586135/
Considering risk contexts in explaining the paradoxical HIV increase among female sex workers in Mumbai and Thane; India,Sunita V S Bandewar; Shalini Bharat; Anine Kongelf; Hemlata Pisal; Martine Collumbien,4730760,4345747,https://www.ncbi.nlm.nih.gov/pmc/articles/PMC4730760/
An exploratory study of HIV risk behaviours and testing among male sex workers in Beirut; Lebanon,Frances M. Aunon; Glenn J. Wagner; Rabih Maher; Danielle Khouri; Rachel L. Kaplan; Jacques Mokhbat,4562212,,https://www.ncbi.nlm.nih.gov/pmc/articles/PMC4562212/
HIV INFECTION AMONG FEMALE SEX WORKERS IN CONCENTRATED AND HIGH PREVALENCE EPIDEMICS: WHY A STRUCTURAL DETERMINANTS FRAMEWORK IS NEEDED,Kate Shannon; Shira M. Goldenberg; Kathleen N. Deering; Steffanie A. Strathdee,4286412,,https://www.ncbi.nlm.nih.gov/pmc/articles/PMC4286412/
“You are wasting our drugs”: health service barriers to HIV treatment for sex workers in Zimbabwe,Sibongile Mtetwa; Joanna Busza; Samson Chidiya; Stanley Mungofa; Frances Cowan,3750331,,https://www.ncbi.nlm.nih.gov/pmc/articles/PMC3750331/
Male Sex Workers: Practices; Contexts; and Vulnerabilities for HIV acquisition and transmission,Stefan David Baral; M. Reuel Friedman; Scott Geibel; Kevin Rebe; Borche Bozhinov; Daouda Diouf; Keith Sabin; Claire E. Holland; Professor Roy Chan; Professor Carlos Caceres,4504188,,https://www.ncbi.nlm.nih.gov/pmc/articles/PMC4504188/
Occupational Stigma as a Primary Barrier To Health Care For Street-Based Sex Workers in Canada,Lisa Lazarus; Kathleen N Deering; Rose Nabess; Kate Gibson; Mark W Tyndall; Kate Shannon,3359131,,https://www.ncbi.nlm.nih.gov/pmc/articles/PMC3359131/
Typology of older female sex workers and sexual risks for HIV infection in China: a qualitative study,Chun Hao; Hongjie Liu; Susan G. Sherman; Baofa Jiang; Xiaojing Li; Yongfang Xu; Zhenxia Jiang; Chunpeng Zang,4010200,,https://www.ncbi.nlm.nih.gov/pmc/articles/PMC4010200/
Social Cohesion Among Sex Workers and Client Condom Refusal in a Canadian Setting: Implications for Structural and Community-Led Interventions,Elena Argento; Putu Duff; Brittany Bingham; Jules Chapman; Paul Nguyen; Steffanie A. Strathdee; Kate Shannon,4846583,,https://www.ncbi.nlm.nih.gov/pmc/articles/PMC4846583/
Systematic review of facility-based sexual and reproductive health services for female sex workers in Africa,Ashar Dhana; Stanley Luchters; Lizzie Moore; Yves Lafort; Anuradha Roy; Fiona Scorgie; Matthew Chersich,4070634,,https://www.ncbi.nlm.nih.gov/pmc/articles/PMC4070634/
A new public health context to understand male sex work,Victor Minichiello; John Scott; Denton Callander,4419468,1784707,https://www.ncbi.nlm.nih.gov/pmc/articles/PMC4419468/
Policing practices as a structural determinant for HIV among sex workers: a systematic review of empirical findings,Katherine HA Footer; Bradley E Silberzahn; Kayla N Tormohlen; Susan G Sherman,4951541,3886354,https://www.ncbi.nlm.nih.gov/pmc/articles/PMC4951541/
Feasible; Efficient and Necessary; without Exception – Working with Sex Workers Interrupts HIV/STI Transmission and Brings Treatment to Many in Need,Richard Steen; Tisha Wheeler; Marelize Gorgens; Elizabeth Mziray; Gina Dallabetta,4619404,,https://www.ncbi.nlm.nih.gov/pmc/articles/PMC4619404/
Preventing HIV Transmission among Partners of HIV-Positive Male Sex Workers in Mexico City: A Modeling Study,João Filipe G. Monteiro; Brandon D.L. Marshall; Daniel Escudero; Sandra G. Sosa-Rubí; Andrea González; Timothy Flanigan; Don Operario; Kenneth H. Mayer; Mark N. Lurie; Omar Galárraga,4495010,,https://www.ncbi.nlm.nih.gov/pmc/articles/PMC4495010/
Reducing stigma in healthcare and law enforcement: a novel approach to service provision for street level sex workers,Kate Bodkin; Alannah Delahunty-Pike; Tim O’Shea,4404612,3167025;2110585;1309501;1259905;433578;431338,https://www.ncbi.nlm.nih.gov/pmc/articles/PMC4404612/
Diversity among Clients of Female Sex Workers in India: Comparing Risk Profiles and Intervention Impact by Site of Solicitation. Implications for the Vulnerability of Less Visible Female Sex Workers,Dipak Suryawanshi; Tarun Bhatnagar; Sucheta Deshpande; Weiwei Zhou; Pankaj Singh; Martine Collumbien,3759393,,https://www.ncbi.nlm.nih.gov/pmc/articles/PMC3759393/
Family Network; Workplace Network; and Their Influence on Condom Use: A Qualitative Study Among Older Female Sex Workers in China,Chun Hao; Jennifer Guida; Donald E. Morisky; Hongjie Liu,4439380,,https://www.ncbi.nlm.nih.gov/pmc/articles/PMC4439380/
Community Mobilization and Empowerment of Female Sex Workers in Karnataka State; South India: Associations With HIV and Sexually Transmitted Infection Risk,Tara S. H. Beattie; Harnalli L. Mohan; Parinita Bhattacharjee; Sudha Chandrashekar; Shajy Isac; Tisha Wheeler; Ravi Prakash; Banadakoppa M. Ramesh; James F. Blanchard; Lori Heise; Peter Vickerman; Stephen Moses; Charlotte Watts,4103234,,https://www.ncbi.nlm.nih.gov/pmc/articles/PMC4103234/
‘There are a lot of new people in town: but they are here for soccer; not for business’ a qualitative inquiry into the impact of the 2010 soccer world cup on sex work in South Africa,Marlise L Richter; Fiona Scorgie; Matthew F Chersich; Stanley Luchters,4099394,,https://www.ncbi.nlm.nih.gov/pmc/articles/PMC4099394/
Violence prevention and municipal licensing of indoor sex work venues in the Greater Vancouver Area: narratives of migrant sex workers; managers and business owners,Solanna Anderson; Jessica Xi Jia; Vivian Liu; Jill Chattier; Andrea Krüsi; Sarah Allan; Lisa Maher; Kate Shannon,4470838,,https://www.ncbi.nlm.nih.gov/pmc/articles/PMC4470838/
Mobile phones and sex work in South India: The emerging role of mobile phones in condom use by female sex workers in two Indian states,S Navani-Vazirani; D Solomon; G Krishnan; E Heylen; AK Srikrishnan; CK Vasudevan; ML Ekstrand,4425944,,https://www.ncbi.nlm.nih.gov/pmc/articles/PMC4425944/
Sex Work and Motherhood: Social and Structural Barriers to Health and Social Services for Pregnant and Parenting Street and Off-Street Sex Workers,Putu Duff; Jean Shoveller; Jill Chettiar; Cindy Feng; Rachel Nicoletti; Kate Shannon,4469630,4272347,https://www.ncbi.nlm.nih.gov/pmc/articles/PMC4469630/
Influence of HLA Class I Haplotypes on HIV-1 Seroconversion and Disease Progression in Pumwani Sex Worker Cohort,Raghavan Sampathkumar; Harold O. Peters; Lillian Mendoza; Thomas Bielawny; Elizabeth Ngugi; Joshua Kimani; Charles Wachihi; Francis A. Plummer; Ma Luo,4081595,,https://www.ncbi.nlm.nih.gov/pmc/articles/PMC4081595/
HIV/STI risk among venue-based female sex workers across the globe: A look back and the way forward,Eileen V. Pitpitan; Seth C. Kalichman; Lisa A. Eaton; Steffanie A. Strathdee; Thomas L. Patterson,3567216,4712022;3102127;2427326,https://www.ncbi.nlm.nih.gov/pmc/articles/PMC3567216/
Declines in violence and police arrest among female sex workers in Karnataka state; south India; following a comprehensive HIV prevention programme,Tara S Beattie; Parinita Bhattacharjee; Shajy Isac; HL Mohan; Milena Simic-Lawson; BM Ramesh; James F Blanchard; Stephen Moses; Charlotte H Watts; Lori Heise,4609649,,https://www.ncbi.nlm.nih.gov/pmc/articles/PMC4609649/
Structural Barriers to Antiretroviral Therapy Among Sex Workers Living with HIV: Findings of a Longitudinal Study in Vancouver; Canada,Shira M. Goldenberg; Julio Montaner; Putu Duff; Paul Nguyen; Sabina Dobrer; Silvia Guillemi; Kate Shannon,4704989,,https://www.ncbi.nlm.nih.gov/pmc/articles/PMC4704989/
Characterizing sexual histories of women before formal sex-work in south India from a cross-sectional survey: implications for HIV/STI prevention,Sharmistha Mishra; Satyanarayana Ramanaik; James F Blanchard; Shiva Halli; Stephen Moses; T Raghavendra; Parinita Bhattacharjee; Rob Lorway; Marissa Becker,3524049,,https://www.ncbi.nlm.nih.gov/pmc/articles/PMC3524049/
A Genetic Polymorphism of FREM1 Is Associated with Resistance against HIV Infection in the Pumwani Sex Worker Cohort,Ma Luo; James Sainsbury; Jeffrey Tuff; Philip A. Lacap; Xin-Yong Yuan; Taha Hirbod; Joshua Kimani; Charles Wachihi; Sue Ramdahin; Thomas Bielawny; Joanne Embree; Kristina Broliden; T. Blake Ball; Francis A. Plummer,3486297,5383217;5005818;4231299;3837797;3763556;3599477;3036876;2876536;2755769;2672169;2612679;1914069;1594586;1460579;534624;529453;523184;401188;400899;365329;336636;323629;307296;280513;213669;211533;210067;191390;190005;189258;150753;147795;147275;128713;127878;117205;104285;101906;95297;93686;84248;54894;53208;51098;48595;41457;40078;16259,https://www.ncbi.nlm.nih.gov/pmc/articles/PMC3486297/
Female sex work and international sport events - no major changes in demand or supply of paid sex during the 2010 Soccer World Cup: a cross-sectional study,Marlise Richter; Stanley Luchters; Dudu Ndlovu; Marleen Temmerman; Matthew Francis Chersich,3507903,,https://www.ncbi.nlm.nih.gov/pmc/articles/PMC3507903/
Sex Work among Men Who Have Sex with Men and Transgender Women in Bogotá,Fernanda T. Bianchi; Carol A. Reisen; Maria Cecilia Zea; Salvador Vidal-Ortiz; Felisa A. Gonzales; Fabián Betancourt; Marcela Aguilar; Paul J. Poppen,4110190,,https://www.ncbi.nlm.nih.gov/pmc/articles/PMC4110190/
Reducing violence and increasing condom use in the intimate partnerships of female sex workers: study protocol for Samvedana Plus; a cluster randomised controlled trial in Karnataka state; south India,Tara S. Beattie; Shajy Isac; Parinita Bhattacharjee; Prakash Javalkar; Calum Davey; T. Raghavendra; Sapna Nair; Satyanarayana Ramanaik; D. L. Kavitha; James F. Blanchard; Charlotte Watts; Martine Collumbien; Stephen Moses; Lori Heise,4966746,4557073;4055779;3957979;3165849;2192515;2047627;1537027;1456025;550966;550964;427426;423063;422655;422577;422318;416311;415394;414959;414953;351008;350853;350371;348142;347871;249714;97479;96833;88897;46878,https://www.ncbi.nlm.nih.gov/pmc/articles/PMC4966746/
Condoms and sexual health education as evidence: impact of criminalization of in-call venues and managers on migrant sex workers access to HIV/STI prevention in a Canadian setting,S. Anderson; K. Shannon; J. Li; Y. Lee; J. Chettiar; S. Goldenberg; A. Krüsi,5114757,,https://www.ncbi.nlm.nih.gov/pmc/articles/PMC5114757/
Universal Coverage without Universal Access: Institutional Barriers to Health Care among Women Sex Workers in Vancouver; Canada,M. Eugenia Socías; Jean Shoveller; Chili Bean; Paul Nguyen; Julio Montaner; Kate Shannon,4868318,1250613,https://www.ncbi.nlm.nih.gov/pmc/articles/PMC4868318/
Pragati: an empowerment programme for female sex workers in Bangalore; India,Sjoerd M. Euser; Dennis Souverein; Pushpalatha Rama Narayana Gowda; Chandra Shekhar Gowda; Diana Grootendorst; Rajendra Ramaiah; Snehal Barot; Sunil Kumar; Françoise Jenniskens; Shiv Kumar; Jeroen W. Den Boer,3509426,,https://www.ncbi.nlm.nih.gov/pmc/articles/PMC3509426/
Migration Status; Work Conditions and Health Utilization of Female Sex Workers in Three South African Cities,Marlise Richter; Matthew F. Chersich; Jo Vearey; Benn Sartorius; Marleen Temmerman; Stanley Luchters,3895178,,https://www.ncbi.nlm.nih.gov/pmc/articles/PMC3895178/
Reframing the Interpretation of Sex Worker Health: A Behavioral–Structural Approach,Joseph D. Tucker; Astrid S. Tuminez,3205084,,https://www.ncbi.nlm.nih.gov/pmc/articles/PMC3205084/
Microarray Analysis of HIV Resistant Female Sex Workers Reveal a Gene Expression Signature Pattern Reminiscent of a Lowered Immune Activation State,Elijah M. Songok; Ma Luo; Ben Liang; Paul Mclaren; Nadine Kaefer; Winnie Apidi; Genevieve Boucher; Joshua Kimani; Charles Wachihi; Rafick Sekaly; Keith Fowke; Blake T. Ball; Francis A. Plummer,3266890,,https://www.ncbi.nlm.nih.gov/pmc/articles/PMC3266890/
Can rights stop the wrongs? Exploring the connections between framings of sex workers’ rights and sexual and reproductive health,Cheryl Overs; Kate Hawkins,3287462,,https://www.ncbi.nlm.nih.gov/pmc/articles/PMC3287462/
Female Sex Work Within the Rural Immigrant Latino Community in the Southeast United States: An Exploratory Qualitative Community-Based Participatory Research Study,Scott D. Rhodes; Amanda Tanner; Stacy Duck; Robert E. Aronson; Jorge Alonzo; Manuel Garcia; Aimee M. Wilkin; Rebecca Cashman; Aaron T. Vissman; Cindy Miller; Karen Kroeger; Michelle J. Naughton,3593097,,https://www.ncbi.nlm.nih.gov/pmc/articles/PMC3593097/
Is Scale-Up of Community Mobilisation among Sex Workers Really Possible in Complex Urban Environments? The Case of Mumbai; India,Anine Kongelf; Sunita V. S. Bandewar; Shalini Bharat; Martine Collumbien,4374852,,https://www.ncbi.nlm.nih.gov/pmc/articles/PMC4374852/
An analysis of the implementation of PEPFAR's anti-prostitution pledge and its implications for successful HIV prevention among organizations working with sex workers,Melissa Hope Ditmore; Dan Allman,3612273,1908861,https://www.ncbi.nlm.nih.gov/pmc/articles/PMC3612273/
Difference in Risk Behaviors and STD Prevalence Between Street-Based and Establishment-Based FSWs in Guangdong Province; China,Yan Li; Roger Detels; Peng Lin; Xiaobing Fu; Zhongming Deng; Yongying Liu; Guohua Huang; Jie Li; Yihe Tan,3338878,3935974;3913733;3511658;3340826;1298435,https://www.ncbi.nlm.nih.gov/pmc/articles/PMC3338878/
Declining Inconsistent Condom Use but Increasing HIV and Syphilis Prevalence Among Older Male Clients of Female Sex Workers: Analysis From Sentinel Surveillance Sites (2010–2015); Guangxi; China,Yi Chen; Scottie Abraham Bussell; Zhiyong Shen; Zhenzhu Tang; Guanghua Lan; Qiuying Zhu; Wei Liu; Shuai Tang; Rongjian Li; Wenbo Huang; Yuman Huang; Fuxiong Liang; Lu Wang; Yiming Shao; Yuhua Ruan,4900708,3719962;3284371;3154642;2536379;2384003;2134168;2129588;535172;404436;380667;291178;244151;244041;243919;243761;243336;242911;242334;239392;239292;203058;187271;187241;187237;187115;187042;186891;186703;169844;169742;150068;134426;110583;92761;91468,https://www.ncbi.nlm.nih.gov/pmc/articles/PMC4900708/
Injecting Drug Use among Mexican Female Sex Workers on the U.S.-Mexico Border,Alice Cepeda; Kathryn M. Nowotny; Avelardo Valdez,5441837,,https://www.ncbi.nlm.nih.gov/pmc/articles/PMC5441837/
The ‘Stolen Generations' of Mothers and Daughters: Child Apprehension and Enhanced HIV Vulnerabilities for Sex Workers of Aboriginal Ancestry,Putu Duff; Brittany Bingham; Annick Simo; Delores Jury; Charlotte Reading; Kate Shannon,4057198,,https://www.ncbi.nlm.nih.gov/pmc/articles/PMC4057198/
Complexities of Short-Term Mobility for Sex Work and Migration among Sex Workers: Violence and Sexual Risks; Barriers to Care; and Enhanced Social and Economic Opportunities,Shira M. Goldenberg; Jill Chettiar; Paul Nguyen; Sabina Dobrer; Julio Montaner; Kate Shannon,4134448,,https://www.ncbi.nlm.nih.gov/pmc/articles/PMC4134448/
Condom use within non-commercial partnerships of female sex workers in southern India,Kathleen N Deering; Paranita Bhattacharjee; Janet Bradley; Stephen S Moses; Kate Shannon; Souradet Y Shaw; Reynold Washington; Catherine M Lowndes; Marie-Claude Boily; Banadakoppa M Ramesh; S Rajaram; Kaveri Gurav; Michel Alary,3287549,,https://www.ncbi.nlm.nih.gov/pmc/articles/PMC3287549/
The Impact of Sex Work on Women’s Personal Romantic Relationships and the Mental Separation of Their Work and Personal Lives: A Mixed-Methods Study,Clare Bellhouse; Susan Crebbin; Christopher K. Fairley; Jade E. Bilardi,4627728,,https://www.ncbi.nlm.nih.gov/pmc/articles/PMC4627728/
Non-Cationic Proteins Are Associated with HIV Neutralizing Activity in Genital Secretions of Female Sex Workers,Kenzie D. M. Birse; Amy L. Cole; Taha Hirbod; Lyle McKinnon; Terry B. Ball; Garrett R. Westmacott; Joshua Kimani; Frank Plummer; Alexander M. Cole; Adam Burgener; Kristina Broliden,4475052,,https://www.ncbi.nlm.nih.gov/pmc/articles/PMC4475052/
Coalition building by drug user and sex worker community-based organizations in Vietnam can lead to improved interactions with government agencies: a qualitative study,Leah T. Le; Lauretta E. Grau; Huong H. Nguyen; Oanh Hai T. Khuat; Robert Heimer,4608150,,https://www.ncbi.nlm.nih.gov/pmc/articles/PMC4608150/
A comparison of respondent-driven and venue-based sampling of female sex workers in Liuzhou; China,Sharon S Weir; M Giovanna Merli; Jing Li; Anisha D Gandhi; William W Neely; Jessie K Edwards; Chirayath M Suchindran; Gail E Henderson; Xiang-Sheng Chen,3512399,,https://www.ncbi.nlm.nih.gov/pmc/articles/PMC3512399/
Current and recent drug use intensifies sexual and structural HIV risk outcomes among female sex workers in the Russian Federation,AL Wirtz; A Peryshkina; V Moguilnyi; C Beyrer; MR Decker,4873958,,https://www.ncbi.nlm.nih.gov/pmc/articles/PMC4873958/
The Experiences of Violence and Occupational Health Risks of Sex Workers Working in Brothels in Ankara,Aysun Balseven Odabaşı; Serap Şahinoglu; Yasemin Genç; Yaşar Bilge,4115845,1714901,https://www.ncbi.nlm.nih.gov/pmc/articles/PMC4115845/
Sex Work and Risky Sexual Behaviors among Foreign Entertainment Workers in Urban Singapore: Findings from Mystery Client Survey,Mee-Lian Wong; Roy Chan; Hiok Hee Tan; Eunice Yong; Lionel Lee; Jeffrey Cutter; Joanne Tay; David Koh,3531347,1541446,https://www.ncbi.nlm.nih.gov/pmc/articles/PMC3531347/
Consistent Condom Use by Female Sex Workers in Kolkata; India: Testing Theories of Economic Insecurity; Behavior Change; Life Course Vulnerability and Empowerment,Anne E. Fehrenbacher; Debasish Chowdhury; Toorjo Ghose; Dallas Swendeman,5016559,,https://www.ncbi.nlm.nih.gov/pmc/articles/PMC5016559/
Prevalence of HIV Among U.S. Female Sex Workers: Systematic Review and Meta-analysis,Gabriela Paz-Bailey; Meredith Noble; Kathryn Salo; Stephen J. Tregear,5114707,3337908;1934928,https://www.ncbi.nlm.nih.gov/pmc/articles/PMC5114707/
The Female Sex Work Industry in a District of India in the Context of HIV Prevention,Raluca Buzdugan; Shiva S. Halli; Jyoti M. Hiremath; Krishnamurthy Jayanna; T. Raghavendra; Stephen Moses; James Blanchard; Graham Scambler; Frances Cowan,3546462,2247659;2247628;2245588;2245336,https://www.ncbi.nlm.nih.gov/pmc/articles/PMC3546462/
Heterogeneity Among Sex Workers in Overlapping HIV Risk Interactions With People Who Inject Drugs: A Cross-Sectional Study From 8 Major Cities in Pakistan,Dessalegn Y. Melesse; Leigh Anne Shafer; Souradet Y. Shaw; Laura H. Thompson; Baser K. Achakzai; Sofia Furqan; Tahira Reza; Faran Emmanuel; James F. Blanchard,4998373,2486863;2486799;2032770;1728232;1347255;1300055;1131089;1013475;432006;420859;355405;247817;189995,https://www.ncbi.nlm.nih.gov/pmc/articles/PMC4998373/
An Empirical Analysis of the Impact of Recruitment Patterns on RDS Estimates among a Socially Ordered Population of Female Sex Workers in China,Thespina J. Yamanis; M. Giovanna Merli; William Whipple Neely; Felicia Feng Tian; James Moody; Xiaowen Tu; Ersheng Gao,3840895,,https://www.ncbi.nlm.nih.gov/pmc/articles/PMC3840895/
Epidemiology of HIV among female sex workers; their clients; men who have sex with men and people who inject drugs in West and Central Africa,Erin Papworth; Nuha Ceesay; Louis An; Marguerite Thiam-Niangoin; Odette Ky-Zerbo; Claire Holland; Fatou Maria Dramé; Ashley Grosso; Daouda Diouf; Stefan D Baral,3852130,,https://www.ncbi.nlm.nih.gov/pmc/articles/PMC3852130/
HIV risk and preventive interventions in transgender women sex workers,Tonia Poteat; Andrea L Wirtz; Anita Radix; Annick Borquez; Alfonso Silva-Santisteban; Madeline B Deutsch; Sharful Islam Khan; Sam Winter; Don Operario,4320978,,https://www.ncbi.nlm.nih.gov/pmc/articles/PMC4320978/
The Price of Sex: Condom Use and the Determinants of the Price of Sex Among Female Sex Workers in Eastern Zimbabwe,Jocelyn Elmes; Kundai Nhongo; Helen Ward; Timothy Hallett; Constance Nyamukapa; Peter J. White; Simon Gregson,4231645,,https://www.ncbi.nlm.nih.gov/pmc/articles/PMC4231645/
Cervical smears and human papillomavirus typing in sex workers,R Mak; L Van Renterghem; C Cuvelier,1744807,3061621;3051368;2742423;2659642;2023872,https://www.ncbi.nlm.nih.gov/pmc/articles/PMC1744807/
Prioritizing Risk in Preparation for a Demonstration Project: A Mixed Methods Feasibility Study of Oral Pre-Exposure Prophylaxis (PREP) among Female Sex Workers in South India,Sushena Reza-Paul; Lisa Lazarus; Monika Doshi; Syed Hafeez Ur Rahman; Manjula Ramaiah; Raviprakash Maiya; Venugopal MS; K. T. Venukumar; Sundar Sundararaman; Marissa Becker; Stephen Moses; Robert Lorway,5120793,,https://www.ncbi.nlm.nih.gov/pmc/articles/PMC5120793/
Community-Based Sexually Transmitted Infection Screening and Increased Detection of Pharyngeal and Urogenital Chlamydia trachomatis and Neisseria gonorrhoeae Infections in Female Sex Workers in Hong Kong,Horas T.H. Wong; Krystal C.K. Lee; Denise P.C. Chan,4365951,2042464;2032125;1916269;1903448;1877397,https://www.ncbi.nlm.nih.gov/pmc/articles/PMC4365951/
Prevalence and Correlates of Client-Perpetrated Violence against Female Sex Workers in 13 Mexican Cities,Shirley J. Semple; Jamila K. Stockman; Eileen V. Pitpitan; Steffanie A. Strathdee; Claudia V. Chavarin; Doroteo V. Mendoza; Gregory A. Aarons; Thomas L. Patterson,4657898,,https://www.ncbi.nlm.nih.gov/pmc/articles/PMC4657898/
Psychological Fears among Low-Paid Female Sex Workers in Southwest China and Their Implications for HIV Prevention,Shan Qiao; Xiaoming Li; Chen Zhang; Yuejiao Zhou; Zhiyong Shen; Zhenzhu Tang; Bonita Stanton,4201579,,https://www.ncbi.nlm.nih.gov/pmc/articles/PMC4201579/
Female Sex Workers; Male Circumcision and HIV: A Qualitative Study of Their Understanding; Experience; and HIV Risk in Zambia,Sharon A. Abbott; Nicole A. Haberland; Drosin M. Mulenga; Paul C. Hewett,3547927,,https://www.ncbi.nlm.nih.gov/pmc/articles/PMC3547927/
AN ACTION AGENDA FOR HIV AND SEX WORK,Chris Beyrer; Anna-Louise Crago; Linda-Gail Bekker; Jenny Butler; Kate Shannon; Deanna Kerrigan; Michele R. Decker; Stefan D. Baral; Tonia Poteat; Andrea L. Wirtz; Brian W. Weir; Françoise Barré-Sinoussi; Michel Kazatchkine; Michel Sidibé; Marie-Claude Boily; Steffanie A. Strathdee,4302059,493509,https://www.ncbi.nlm.nih.gov/pmc/articles/PMC4302059/
HIV Risk Perception and Behavior among Sex Workers in Three Major Urban Centers of Mozambique,Judite Langa; César Sousa; Mohsin Sidat; Karen Kroeger; Eleanor McLellan-Lemal; Hrishikesh Belani; Shama Patel; Daniel Shodell; Michael Shodell; Irene Benech; Richard Needle,3988096,,https://www.ncbi.nlm.nih.gov/pmc/articles/PMC3988096/
Exploring the experience of chronic pain among female Survival Sex Workers: a qualitative study,Caroline Allen; Alka Murphy; Sheri Kiselbach; Stephanie VandenBerg; Ellen Wiebe,4687279,,https://www.ncbi.nlm.nih.gov/pmc/articles/PMC4687279/
Sexual Initiation and Complex Recent Polydrug Use Patterns Among Male Sex Workers in Vietnam: A Preliminary Epidemiological Trajectory,Gary Yu; Lloyd A. Goldsamt; Michael C Clatts; Lê Minh Giang,4821745,,https://www.ncbi.nlm.nih.gov/pmc/articles/PMC4821745/
Effects of hazardous and harmful alcohol use on HIV incidence and sexual behaviour: a cohort study of Kenyan female sex workers,Matthew F Chersich; Wilkister Bosire; Nzioki King’ola; Marleen Temmerman; Stanley Luchters,3985581,5225376;1031544;170160,https://www.ncbi.nlm.nih.gov/pmc/articles/PMC3985581/
Are Female Sex Workers Able to Negotiate Condom Use with Male Clients? The Case of Mobile FSWs in Four High HIV Prevalence States of India,Shalini Bharat; Bidhubhusan Mahapatra; Suchismita Roy; Niranjan Saggurti,3695971,4553888;1282119,https://www.ncbi.nlm.nih.gov/pmc/articles/PMC3695971/
Molecular genotyping of HPV L1 gene in low-risk and high-risk populations in Bangkok,Pornsawan Leaungwutiwong; Busara Bamrungsak; Akanitt Jittmittraphap; Pannamas Maneekan; Nathamon Kosoltanapiwat; Thareerat Kalambaheti; James F. Kelley,4358745,,https://www.ncbi.nlm.nih.gov/pmc/articles/PMC4358745/
Estimation of the size of the female sex worker population in Rwanda using three different methods,Mwumvaneza Mutagoma; Catherine Kayitesi; Aimé Gwiza; Hinda Ruton; Andrew Koleros; Neil Gupta; Helene Balisanga; David J Riedel; Sabin Nsanzimana,4931710,,https://www.ncbi.nlm.nih.gov/pmc/articles/PMC4931710/
Prevalence and Correlates of Nonmedical Prescription Opioid Use Among a Cohort of Sex Workers in Vancouver; Canada,Elena Argento; Jill Chettiar; Paul Nguyen; Julio Montaner; Kate Shannon,4277711,2690285;1715376;1549605;1052910;1015757;1012614,https://www.ncbi.nlm.nih.gov/pmc/articles/PMC4277711/
Changes in HIV and syphilis prevalence among female sex workers from three serial cross-sectional surveys in Karnataka state; South India,Shajy Isac; B M Ramesh; S Rajaram; Reynold Washington; Janet E Bradley; Sushena Reza-Paul; Tara S Beattie; Michel Alary; James F Blanchard; Stephen Moses,4386224,,https://www.ncbi.nlm.nih.gov/pmc/articles/PMC4386224/
Structural Determinants of Health among Im/Migrants in the Indoor Sex Industry: Experiences of Workers and Managers/Owners in Metropolitan Vancouver,Shira M. Goldenberg; Andrea Krüsi; Emma Zhang; Jill Chettiar; Kate Shannon,5283672,,https://www.ncbi.nlm.nih.gov/pmc/articles/PMC5283672/
Social and Structural Factors Shaping High Rates of Incarceration among Sex Workers in a Canadian Setting,M. E. Socías; K. Deering; M. Horton; P. Nguyen; J. S. Montaner; K. Shannon,4608944,,https://www.ncbi.nlm.nih.gov/pmc/articles/PMC4608944/
Non-Disclosure of Violence among Female Sex Workers: Evidence from a Large Scale Cross-Sectional Survey in India,Bidhubhusan Mahapatra; Madhusudana Battala; Akash Porwal; Niranjan Saggurti,4028275,,https://www.ncbi.nlm.nih.gov/pmc/articles/PMC4028275/
A reconfiguration of the sex trade: How social and structural changes in eastern Zimbabwe left women involved in sex work and transactional sex more vulnerable,Jocelyn Elmes; Morten Skovdal; Kundai Nhongo; Helen Ward; Catherine Campbell; Timothy B. Hallett; Constance Nyamukapa; Peter J. White; Simon Gregson,5321466,,https://www.ncbi.nlm.nih.gov/pmc/articles/PMC5321466/
HIV and STI Prevalence among Female Sex Workers in Côte d'Ivoire: Why Targeted Prevention Programs Should Be Continued and Strengthened,Bea Vuylsteke; Gisèle Semdé; Lazare Sika; Tania Crucitti; Virginie Ettiègne Traoré; Anne Buvé; Marie Laga,3293836,5312075;5221647;4811151;4773778;4702422;4637664;4396394;4279908;4270605;4058249;4037932;3793994;3760515;3756353;3733837;3730760;3575029;3508194;3463327;3404210;3399068;3348403;3233647;3208623;3053584;2805682;2788997;2756342;2654358;2517751;2409700;2377056;2374274;2373780;2364062;2311496;2116217;2033372;1977823;1977819;1972547;1968745;1887384;1560166;1420960;1375602;1366517;1360170;1300108;1289278;288509;50096;38287,https://www.ncbi.nlm.nih.gov/pmc/articles/PMC3293836/
Mental Health and Sexual Identity in a Sample of Male Sex Workers in the Czech Republic,Michael Bar-Johnson; Petr Weiss,4179541,2612262;1783039;1423036;347887;255583,https://www.ncbi.nlm.nih.gov/pmc/articles/PMC4179541/
Venue-Mediated Weak Ties in Multiplex HIV Transmission Risk Networks Among Drug-Using Male Sex Workers and Associates,Kayo Fujimoto; Peng Wang; Michael W. Ross; Mark L. Williams,4431095,,https://www.ncbi.nlm.nih.gov/pmc/articles/PMC4431095/
Relationship between mobility; violence and HIV/STI among female sex workers in Andhra Pradesh; India,Sowmya Ramesh; Deepika Ganju; Bidhubhusan Mahapatra; Ram Manohar Mishra; Niranjan Saggurti,3490918,,https://www.ncbi.nlm.nih.gov/pmc/articles/PMC3490918/
The Contribution of Emotional Partners to Sexual Risk Taking and Violence among Female Sex Workers in Mombasa; Kenya: A Cohort Study,Stanley Luchters; Marlise L. Richter; Wilkister Bosire; Gill Nelson; Nzioki Kingola; Xu-Dong Zhang; Marleen Temmerman; Matthew F. Chersich,3737234,,https://www.ncbi.nlm.nih.gov/pmc/articles/PMC3737234/
HIV prevention programmes for female sex workers in Andhra Pradesh; India: outputs; cost and efficiency,Lalit Dandona; Pratap Sisodia; SG Prem Kumar; YK Ramesh; A Anod Kumar; M Chalapathi Rao; Elliot Marseille; M Someshwar; Nell Marshall; James G Kahn,1249584,4275184;2563781;1032125,https://www.ncbi.nlm.nih.gov/pmc/articles/PMC1249584/
Assessing reported condom use among female sex workers in southern India through examination of condom availability,Janet Bradley; Stephen Moses; James F Blanchard; S Rajaram; B M Ramesh; Supriya Verma; Michel Alary,3252606,,https://www.ncbi.nlm.nih.gov/pmc/articles/PMC3252606/
“Talking the talk; walking the walk: Social network norms; communication patterns; and condom use among the male partners of female sex workers in La Romana; Dominican Republic”,Clare Barrington; Carl Latkin; Michael Sweat; Luis Moreno; Jonathan Ellen; Deanna Kerrigan,2804974,4872506;4603011;3799236;3752163;3500144;3060655;3032285;2323450;1421575;507291;329839;173177,https://www.ncbi.nlm.nih.gov/pmc/articles/PMC2804974/
When sex work becomes your everything: The complex linkages between economy and affection among male sex workers in Peru,Angela M. Bayer; Mijail Garvich; David A. Díaz; Hugo Sánchez; Patricia J. García; Thomas J. Coates,4074247,4313285;4068420;3553675,https://www.ncbi.nlm.nih.gov/pmc/articles/PMC4074247/
The sexual health of female sex workers compared with other women in England: analysis of cross-sectional data from genitourinary medicine clinics,Louise Mc Grath-Lone; Kimberly Marsh; Gwenda Hughes; Helen Ward,4033115,,https://www.ncbi.nlm.nih.gov/pmc/articles/PMC4033115/
Positive Impact of Increases in Condom Use among Female Sex Workers and Clients in a Medium HIV Prevalence Epidemic: Modelling Results from Project SIDA1/2/3 in Cotonou; Benin,John R. Williams; Michel Alary; Catherine M. Lowndes; Luc Béhanzin; Annie-Claude Labbé; Séverin Anagonou; Marguerite Ndour; Isaac Minani; Clément Ahoussinou; Djimon Marcel Zannou; Marie-Claude Boily,4105482,,https://www.ncbi.nlm.nih.gov/pmc/articles/PMC4105482/
Benefits and constraints of intimate partnerships for HIV positive sex workers in Kibera; Kenya,Cecilia Benoit; Eric Roth; Helga Hallgrimsdottir; Mikael Jansson; Elizabeth Ngugi; Kimberly Sharpe,3766681,,https://www.ncbi.nlm.nih.gov/pmc/articles/PMC3766681/
Sex Workers Perspectives on Strategies to Reduce Sexual Exploitation and HIV Risk: A Qualitative Study in Tijuana; Mexico,Shira M. Goldenberg; David Engstrom; Maria Luisa Rolon; Jay G. Silverman; Steffanie A. Strathdee,3758274,3728470;3519730;1031737,https://www.ncbi.nlm.nih.gov/pmc/articles/PMC3758274/
Structural determinants of client perpetrated violence among female sex workers in two Mexican-U.S. border cities,Erin E. Conners; Jay G. Silverman; Monica Ulibarri; Carlos Magis-Rodriguez; Steffanie A. Strathdee; Hugo Staines-Orozco; Thomas L. Patterson; Kimberly C. Brouwer,4691420,,https://www.ncbi.nlm.nih.gov/pmc/articles/PMC4691420/
A Qualitative Exploration of Barriers to Condom Use among Female Sex Workers in China,Wu Jie; Zhou Xiaolan; Lu Ciyong; Eileen Moyer; Wang Hui; Hong Lingyao; Deng Xueqing,3466319,,https://www.ncbi.nlm.nih.gov/pmc/articles/PMC3466319/
Change over Time in Police Interactions and HIV Risk Behavior Among Female Sex Workers in Andhra Pradesh; India,Jennifer Toller Erausquin; Elizabeth Reed; Kim M. Blankenship,4512652,542182;436568;434321;355634;355547;354641,https://www.ncbi.nlm.nih.gov/pmc/articles/PMC4512652/
Factors Associated with Risky Sexual Practices among Female Sex Workers in Karnataka; India,Bidhubhusan Mahapatra; Catherine M. Lowndes; Sanjay Kumar Mohanty; Kaveri Gurav; Banadakoppa M. Ramesh; Stephen Moses; Reynold Washington; Michel Alary,3630134,,https://www.ncbi.nlm.nih.gov/pmc/articles/PMC3630134/
Enumeration of Sex Workers in the Central Business District of Nairobi; Kenya,Joshua Kimani; Lyle R. McKinnon; Charles Wachihi; Judith Kusimba; Gloria Gakii; Sarah Birir; Mercy Muthui; Anthony Kariri; Festus K. Muriuki; Nicholas Muraguri; Helgar Musyoki; T. Blake Ball; Rupert Kaul; Lawrence Gelmon,3556081,,https://www.ncbi.nlm.nih.gov/pmc/articles/PMC3556081/
How important are venue-based HIV risks among male clients of female sex workers? A mixed methods analysis of the risk environment in nightlife venues in Tijuana; Mexico,Shira Goldenberg; Steffanie A. Strathdee; Manuel Gallardo; Lucie Nguyen; Remedios Lozada; Shirley J. Semple; Thomas L. Patterson,3092829,,https://www.ncbi.nlm.nih.gov/pmc/articles/PMC3092829/
Strategies for reducing police arrest in the context of an HIV prevention programme for female sex workers: evidence from structural interventions in Karnataka; South India,Parinita Bhattacharjee; Shajy Isac; Leigh M McClarty; Haranahalli L Mohan; Srinath Maddur; Sunitha B Jagannath; Balasubramanya K Venkataramaiah; Stephen Moses; James F Blanchard; Vandana Gurnani,4951536,1511263,https://www.ncbi.nlm.nih.gov/pmc/articles/PMC4951536/
Newcomers in a hazardous environment: a qualitative inquiry into sex worker vulnerability to HIV in Bali; Indonesia,Pande Putu Januraga; Julie Mooney-Somers; Paul R Ward,4141952,,https://www.ncbi.nlm.nih.gov/pmc/articles/PMC4141952/
Female Migrant Sex Workers in Moscow: Gender and Power Factors and HIV Risk,Stevan Weine; Alexandra Golobof; Mahbat Bahromov; Adrianna Kashuba; Tohir Kalandarov; Jonbek Jonbekov; Sana Loue,3798020,3049814;1259854,https://www.ncbi.nlm.nih.gov/pmc/articles/PMC3798020/
Prevalence and correlates of violence against female sex workers in Abuja; Nigeria,Olufunmilayo I Fawole; Abosede T Dagunduro,4196411,,https://www.ncbi.nlm.nih.gov/pmc/articles/PMC4196411/
Burden and characteristics of HIV infection among female sex workers in Kampala; Uganda – a respondent-driven sampling survey,Wolfgang Hladik; Andrew L. Baughman; David Serwadda; Jordan W. Tappero; Rachel Kwezi; Namakula D. Nakato; Joseph Barker,5466716,,https://www.ncbi.nlm.nih.gov/pmc/articles/PMC5466716/
Testing Commercial Sex Workers for Sexually Transmitted Infections in Victoria; Australia: An Evaluation of the Impact of Reducing the Frequency of Testing,Eric P. F. Chow; Glenda Fehler; Marcus Y. Chen; Catriona S. Bradshaw; Ian Denham; Matthew G. Law; Christopher K. Fairley,4105494,,https://www.ncbi.nlm.nih.gov/pmc/articles/PMC4105494/
Sexually transmitted diseases among female commercial sex workers in Finote Selam town; northwest Ethiopia: a community-based cross-sectional study,Zelalem Alamrew Anteneh; Yirdaw Amare Agumas; Molalign Tarekegn,5339009,,https://www.ncbi.nlm.nih.gov/pmc/articles/PMC5339009/
Inconsistent condom use by male clients during anal intercourse with occasional and regular female sex workers (FSWs): survey findings from southern states of India,Shreena Ramanathan; Karikalan Nagarajan; Lakshmi Ramakrishnan; Mandar K Mainkar; Prabuddhagopal Goswami; Diwakar Yadav; Shrabanti Sen; Bitra George; Harikumar Rachakulla; Thilakavathi Subramanian; Ramesh S Paranjape,4244455,2139409;2138741;2032425;1537798;1457603;301788;292308;292142,https://www.ncbi.nlm.nih.gov/pmc/articles/PMC4244455/
Understanding out-migration among female sex workers in South India,Pradeep Banandur; Satyanarayana Ramnaik; Lisa E. Manhart; Raluca Buzdugan; Bidhubhushan Mahapatra; Shajy Isac; Shiva S Halli; Reynold G Washington; Stephen Moses; James F Blanchard,3457025,,https://www.ncbi.nlm.nih.gov/pmc/articles/PMC3457025/
HIV Testing and Engagement in Care among Highly Vulnerable Female Sex Workers: Implications for Treatment as Prevention Models,Hilary L. Surratt; Catherine O’Grady; Steven P. Kurtz; Mance E. Buttram; Maria A. Levi-Minzi,4137460,,https://www.ncbi.nlm.nih.gov/pmc/articles/PMC4137460/
Assessing the Impact of Peer Educator Outreach on the Likelihood and Acceleration of Clinic Utilization among Sex Workers,Parthasarathy Krishnamurthy; Sam K. Hui; Narayanan Shivkumar; Chandrasekhar Gowda; R. Pushpalatha,4965018,,https://www.ncbi.nlm.nih.gov/pmc/articles/PMC4965018/
How central are clients in sexual networks created by commercial sex?,Chih-Sheng Hsieh; Jaromír Kovářík; Trevon Logan,4269883,,https://www.ncbi.nlm.nih.gov/pmc/articles/PMC4269883/
The HIV treatment cascade in men who have sex with men; people who inject drugs and sex workers,Kathryn Risher; Kenneth Mayer; Chris Beyrer,4880053,,https://www.ncbi.nlm.nih.gov/pmc/articles/PMC4880053/
Community collectivization and its association with consistent condom use and STI treatment-seeking behaviors among female sex workers and high-risk men who have sex with men/transgenders in Andhra Pradesh; India,Niranjan Saggurti; Ram Manohar Mishra; Laxminarayana Proddutoor; Saroj Tucker; Dolly Kovvali; Prabhakar Parimi; Tisha Wheeler,4003583,,https://www.ncbi.nlm.nih.gov/pmc/articles/PMC4003583/
Risks; benefits and survival strategies-views from female sex workers in Savannakhet; Laos,Ketkesone Phrasisombath; Elisabeth Faxelid; Vanphanom Sychareun; Sarah Thomsen,3507866,,https://www.ncbi.nlm.nih.gov/pmc/articles/PMC3507866/
Challenges to Recruiting Population Representative Samples of Female Sex Workers in China Using Respondent Driven Sampling,M. Giovanna Merli; James Moody; Jeffrey Smith; Jing Li; Sharon Weir; Xiangsheng Chen,4214891,5263102;5240797;5123831;4718782;4177753;3342136;3168731;3102320;3057513;3022440;3018096;2800967;2753796;2559135;2269709;2195799;2193904;2189775;2189002;2187683;2187456;2185986;2171255;2114781;2114094;2114069;2113094;2112969;1903514;1782806;1555465;1554998;1554988;1537764;1536654;1453606;1452661;1444953;1435006;1415029;1385068;1300214;1225256;1162653;1162489;1148084;455119;431989;431378;397295;393971;391705;386920;384335;384065;372185;371751;349001;345199;319388;153289;45740;43520;34662;19798;17565,https://www.ncbi.nlm.nih.gov/pmc/articles/PMC4214891/
Prevalence of HIV and sexually transmitted infections among clients of female sex workers in Karnataka; India: a cross-sectional study,Souradet Y Shaw; Kathleen N Deering; Sushena Reza-Paul; Shajy Isac; Banadakoppa M Ramesh; Reynold Washington; Stephen Moses; James F Blanchard,3287557,,https://www.ncbi.nlm.nih.gov/pmc/articles/PMC3287557/
An integrated structural intervention to reduce vulnerability to HIV and sexually transmitted infections among female sex workers in Karnataka state; south India,Vandana Gurnani; Tara S Beattie; Parinita Bhattacharjee; CFAR Team; HL Mohan; Srinath Maddur; Reynold Washington; Shajy Isac; BM Ramesh; Stephen Moses; James F Blanchard,3205062,5395757;4757982,https://www.ncbi.nlm.nih.gov/pmc/articles/PMC3205062/
Association Between System Reach and Exposure to Interventions and Characteristics of Mobile Female Sex Workers in Four High HIV Prevalence States in India,Varun Sharma; Niranjan Saggurti; Shalini Bharat,4802063,,https://www.ncbi.nlm.nih.gov/pmc/articles/PMC4802063/
Alcohol Use Among Female Sex Workers and Male Clients: An Integrative Review of Global Literature,Qing Li; Xiaoming Li; Bonita Stanton,2842106,1190556;1138508,https://www.ncbi.nlm.nih.gov/pmc/articles/PMC2842106/
Determinants of Heterosexual Adolescents Having Sex with Female Sex Workers in Singapore,Junice Y. S. Ng; Mee-Lian Wong,4726580,,https://www.ncbi.nlm.nih.gov/pmc/articles/PMC4726580/
Positive impact of a large-scale HIV prevention programme among female sex workers and clients in South India,Marie-Claude Boily; Michael Pickles; Catherine M. Lowndes; Banadakoppa M. Ramesh; Reynold Washington; Stephen Moses; Kathleen N. Deering; Kate M. Mitchell; Sushena Reza-Paul; James Blanchard; Anna Vassall; Michel Alary; Peter Vickerman,3678895,4167459;3804053;3707815,https://www.ncbi.nlm.nih.gov/pmc/articles/PMC3678895/
A Content Analysis of Health and Safety Communications Among Internet-Based Sex Work Advertisements: Important Information for Public Health,Julie Kille; Vicky Bungay; John Oliffe; Chris Atchison,5408134,,https://www.ncbi.nlm.nih.gov/pmc/articles/PMC5408134/
Social support and recovery among Mexican female sex workers who inject drugs,Sarah Hiller; Jennifer Syvertsen; Remedios Lozada; Victoria D. Ojeda,3642208,,https://www.ncbi.nlm.nih.gov/pmc/articles/PMC3642208/
Gaps in the hepatitis C continuum of care among sex workers in Vancouver; British Columbia: Implications for voluntary hepatitis C virus testing; treatment and care,M Eugenia Socías; Kate Shannon; Julio S Montaner; Silvia Guillemi; Sabina Dobrer; Paul Nguyen; Shira Goldenberg; Kathleen Deering,4699605,4091497,https://www.ncbi.nlm.nih.gov/pmc/articles/PMC4699605/
Sexual and Reproductive Health Knowledge; Contraception Uptake; and Factors Associated with Unmet Need for Modern Contraception among Adolescent Female Sex Workers in China,Megan S. C. Lim; Xu-Dong Zhang; Elissa Kennedy; Yan Li; Yin Yang; Lin Li; Yun-Xia Li; Marleen Temmerman; Stanley Luchters,4307985,421500;415021,https://www.ncbi.nlm.nih.gov/pmc/articles/PMC4307985/
Estimating the Size of the Female Sex Worker Population in Kenya to Inform HIV Prevention Programming,Willis Omondi Odek; George N. Githuka; Lisa Avery; Peter K. Njoroge; Lombe Kasonde; Marelize Gorgens; Joshua Kimani; Lawrence Gelmon; Gloria Gakii; Shajy Isac; Emmanuel Faran; Helgar Musyoki; William Maina; James F. Blanchard; Stephen Moses,3940432,3328224;2271975;1793833;1792437;1349211;358098,https://www.ncbi.nlm.nih.gov/pmc/articles/PMC3940432/
Reconceptualizing the HIV Epidemiology and Prevention Needs of Female Sex Workers (FSW) in Swaziland,Stefan Baral; Sosthenes Ketende; Jessie L. Green; Ping-An Chen; Ashley Grosso; Bhekie Sithole; Cebisile Ntshangase; Eileen Yam; Deanna Kerrigan; Caitlin E. Kennedy; Darrin Adams,4274078,1908715,https://www.ncbi.nlm.nih.gov/pmc/articles/PMC4274078/
Behaviour change and associated factors among Female Sex Workers in Kenya,Josephat Nyagero; Samuel Wangila; Vincent Kutai; Susan Olango,3589252,,https://www.ncbi.nlm.nih.gov/pmc/articles/PMC3589252/
Unexpectedly high HIV prevalence among female sex workers in Bangkok; Thailand in a respondent-driven sampling survey,C Manopaiboon; D Prybylski; W Subhachaturas; S Tanpradech; O Suksripanich; U Siangphoe; L G Johnston; P Akarasewi; A Anand; K K Fox; S J Whitehead,4935540,,https://www.ncbi.nlm.nih.gov/pmc/articles/PMC4935540/
The balancing act: Exploring stigma; economic need and disclosure among male sex workers in Ho Chi Minh City; Vietnam,Elizabeth F. Closson; Donn J. Colby; Thi Nguyen; Samuel S. Cohen; Katie Biello; Matthew J. Mimiaga,4346426,,https://www.ncbi.nlm.nih.gov/pmc/articles/PMC4346426/
Competition is not necessarily a barrier to community mobilisation among sex workers: an intervention planning assessment from Zimbabwe,Sibongile Mtetwa; Joanna Busza; Calum Davey; Ramona Wong-Gruenwald; Frances Cowan,4537541,,https://www.ncbi.nlm.nih.gov/pmc/articles/PMC4537541/
Lessons learned from respondent-driven sampling recruitment in Nairobi: experiences from the field,Jerry Okal; Henry F. Raymond; Waimar Tun; Helgar Musyoki; Sufia Dadabhai; Dita Broz; Joan Nyamu; David Kuria; Nicholas Muraguri; Scott Geibel,4788831,,https://www.ncbi.nlm.nih.gov/pmc/articles/PMC4788831/
Correlates of condom use among female sex workers in The Gambia: results of a cross-sectional survey,Ashley L. Grosso; Esther L. Lei; Sosthenes C. Ketende; Sarah Peitzmeier; Krystal Mason; Nuha Ceesay; Daouda Diouf; Fatou Maria Drame; Jaegan Loum; Erin Papworth; Stefan Baral,4540013,,https://www.ncbi.nlm.nih.gov/pmc/articles/PMC4540013/
Police-Related Experiences and HIV Risk Among Female Sex Workers in Andhra Pradesh; India,Jennifer Toller Erausquin; Elizabeth Reed; Kim M. Blankenship,4565555,,https://www.ncbi.nlm.nih.gov/pmc/articles/PMC4565555/
Comparison of Abnormal Cervical Cytology from HIV Positive Women; Female Sex Workers and General Population,Homeira Vafaei; Nasrin Asadi; Leila Foroughinia; Alireza Salehi; Safieh Kuhnavard; Mojgan Akbarzadeh; Hamid Reza Ravanbod; Ferdos Mohamadalian; Maryam Kasraeian,4441349,,https://www.ncbi.nlm.nih.gov/pmc/articles/PMC4441349/
“There is hunger in my community”: a qualitative study of food security as a cyclical force in sex work in Swaziland,Rebecca Fielding-Miller; Zandile Mnisi; Darrin Adams; Stefan Baral; Caitlin Kennedy,3905928,,https://www.ncbi.nlm.nih.gov/pmc/articles/PMC3905928/
Client demands for unsafe sex: the socio-economic risk environment for HIV among street and off-street sex workers,Kathleen N DEERING; Tara LYONS; Cindy X FENG; Bohdan NOSYK; Steffanie A STRATHDEE; Julio SG MONTANER; Kate SHANNON,3706016,,https://www.ncbi.nlm.nih.gov/pmc/articles/PMC3706016/
Sex Trade Behavior Among Heterosexually Active Homeless Men,Joan S. Tucker; Suzanne L. Wenzel; David P. Kennedy; Daniela Golinelli; Brett Ewing,3773285,,https://www.ncbi.nlm.nih.gov/pmc/articles/PMC3773285/
Sexually Transmitted Infections among Heterosexual Male Clients of Female Sex Workers in China: A Systematic Review and Meta-Analysis,Megan M. McLaughlin; Eric P. F. Chow; Cheng Wang; Li-Gang Yang; Bin Yang; Jennifer Z. Huang; Yanjie Wang; Lei Zhang; Joseph D. Tucker,3741140,1566222,https://www.ncbi.nlm.nih.gov/pmc/articles/PMC3741140/
Sexual and reproductive health services utilization by female sex workers is context-specific: results from a cross-sectional survey in India; Kenya; Mozambique and South Africa,Yves Lafort; Ross Greener; Anuradha Roy; Letitia Greener; Wilkister Ombidi; Faustino Lessitala; Jolene Skordis-Worrall; Mags Beksinska; Peter Gichangi; Sushena Reza-Paul; Jenni A. Smit; Matthew Chersich; Wim Delva,5247811,,https://www.ncbi.nlm.nih.gov/pmc/articles/PMC5247811/
Bridging the Epidemic: A Comprehensive Analysis of Prevalence and Correlates of HIV; Hepatitis C; and Syphilis; and Infection among Female Sex Workers in Guangxi Province; China,Yi Chen; Zhiyong Shen; Jamie P. Morano; Kaveh Khoshnood; Zunyou Wu; Guanghua Lan; Qiuying Zhu; Yuejiao Zhou; Shuai Tang; Wei Liu; Jie Chen; Zhenzhu Tang,4344209,444606;428983,https://www.ncbi.nlm.nih.gov/pmc/articles/PMC4344209/
Risk Behaviours among Female Sex Workers in China: A Systematic Review and Data Synthesis,Eric P. F. Chow; Kathryn E. Muessig; Lei Yuan; Yanjie Wang; Xiaohu Zhang; Rui Zhao; Peng Sun; Xiaoshu Sun; Joseph D. Tucker; Jun Jing; Lei Zhang,4376708,,https://www.ncbi.nlm.nih.gov/pmc/articles/PMC4376708/
Context matters: The moderating role of bar context in the association between substance use during sex and condom use among male clients of female sex workers in Tijuana; Mexico,Eileen V. Pitpitan; Karla D. Wagner; David Goodman; Shirley J. Semple; Claudia Chavarin; Steffanie A. Strathdee; Thomas L. Patterson,3778075,2515478,https://www.ncbi.nlm.nih.gov/pmc/articles/PMC3778075/
Structural and Interpersonal Benefits and Risks of Participation in HIV Research: Perspectives of Female Sex Workers in Guatemala,Shira M. Goldenberg; Monica Rivera Mindt; Teresita Rocha Jimenez; Kimberly C. Brouwer; Sonia Morales Miranda; Celia B. Fisher.,5104274,,https://www.ncbi.nlm.nih.gov/pmc/articles/PMC5104274/
A dose-response relationship between exposure to a large-scale HIV preventive intervention and consistent condom use with different sexual partners of female sex workers in southern India,Kathleen N Deering; Marie-Claude Boily; Catherine M Lowndes; Jean Shoveller; Mark W Tyndall; Peter Vickerman; Jan Bradley; Kaveri Gurav; Michael Pickles; Stephen Moses; Banadakoppa M Ramesh; Reynold Washington; S Rajaram; Michel Alary,3287561,5005523;4968851;4834669;4786884;4591164;4481668;4402243;3911154;3695437;3671712;3327434;3310445;2486933;2168737;344508;269719;267951;267470;262904;258076;171540;99486;98154;85667,https://www.ncbi.nlm.nih.gov/pmc/articles/PMC3287561/
Egocentric Network and Condom Use Among Mid-Age Female Sex Workers in China: A Multilevel Modeling Analysis,Hongjie Liu,4827305,,https://www.ncbi.nlm.nih.gov/pmc/articles/PMC4827305/
Apparently-Different Clearance Rates from Cohort Studies of Mycoplasma genitalium Are Consistent after Accounting for Incidence of Infection; Recurrent Infection; and Study Design,Timo Smieszek; Peter J. White,4766284,,https://www.ncbi.nlm.nih.gov/pmc/articles/PMC4766284/
Sexual behaviour; structural vulnerabilities and HIV prevalence among female sex workers in Pakistan,Sharmistha Mishra; Laura H Thompson; Altaf Sonia; Nosheen Khalid; Faran Emmanuel; James F Blanchard,3756444,,https://www.ncbi.nlm.nih.gov/pmc/articles/PMC3756444/
Genital Tract Infections; Bacterial Vaginosis; HIV; and Reproductive Health Issues among Lima-Based Clandestine Female Sex Workers,M. E. Perla; Annette E. Ghee; Sixto Sánchez; R. Scott McClelland; Annette L. Fitzpatrick; Luis Suárez-Ognio; Javier R. Lama; Jorge Sánchez,3395213,,https://www.ncbi.nlm.nih.gov/pmc/articles/PMC3395213/
High Burden of Prevalent and Recently Acquired HIV among Female Sex Workers and Female HIV Voluntary Testing Center Clients in Kigali; Rwanda,Sarah L. Braunstein; Chantal M. Ingabire; Eveline Geubbels; Joseph Vyankandondera; Marie-Michèle Umulisa; Elysée Gahiro; Mireille Uwineza; Coosje J. Tuijn; Denis Nash; Janneke H. H. M. van de Wijgert,3176231,2780173,https://www.ncbi.nlm.nih.gov/pmc/articles/PMC3176231/
Study protocol for the recruitment of female sex workers and their non-commercial partners into couple-based HIV research,Jennifer L Syvertsen; Angela M Robertson; Daniela Abramovitz; M Gudelia Rangel; Gustavo Martinez; Thomas L Patterson; Monica D Ulibarri; Alicia Vera; Nabila El-Bassel; Steffanie A Strathdee,3359230,5113815;3266665;2724861,https://www.ncbi.nlm.nih.gov/pmc/articles/PMC3359230/
Prevalence of HIV; Sexually Transmitted Infections; and Risk Behaviours Among Female Sex Workers in Nairobi; Kenya: Results of a Respondent Driven Sampling Study,Helgar Musyoki; Timothy A. Kellogg; Scott Geibel; Nicholas Muraguri; Jerry Okal; Waimar Tun; H. Fisher Raymond; Sufia Dadabhai; Meredith Sheehy; Andrea A. Kim,4786175,,https://www.ncbi.nlm.nih.gov/pmc/articles/PMC4786175/
STI Screening Uptake and Knowledge of STI Symptoms among Female Sex Workers Participating in a Community Randomized Trial in Peru,Pamela K. Kohler; Pablo E. Campos; Patricia J. Garcia; Cesar P. Carcamo; Clara Buendia; James P. Hughes; Carolina Mejia; Geoff P. Garnett; K. King,4742423,4879858;3936527;3889362;3884540;3851503,https://www.ncbi.nlm.nih.gov/pmc/articles/PMC4742423/
High prevalence of HIV and sexually transmitted infections among male sex workers in Abidjan; Côte d'Ivoire: need for services tailored to their needs,Bea Vuylsteke; Gisèle Semde; Lazare Sika; Tania Crucitti; Virginie Ettiegne Traore; Anne Buve; Marie Laga,3351855,3018729;2760249,https://www.ncbi.nlm.nih.gov/pmc/articles/PMC3351855/
Heterosexual Anal Sex among Female Sex Workers in High HIV Prevalence States of India: Need for Comprehensive Intervention,Mallika Alexander; Mandar Mainkar; Sucheta Deshpande; Shweta Chidrawar; Suvarna Sane; Sanjay Mehendale,3930672,3881785,https://www.ncbi.nlm.nih.gov/pmc/articles/PMC3930672/
Vulnerabilities; health needs and predictors of high-risk sexual behaviour among female adolescent sex workers in Kunming; China,Xu-Dong Zhang; Marleen Temmerman; Yan Li; Wei Luo; Stanley Luchters,3625825,,https://www.ncbi.nlm.nih.gov/pmc/articles/PMC3625825/
“A Baby Was an Added Burden”: Predictors and Consequences of Unintended Pregnancies for Female Sex Workers in Mombasa; Kenya: A Mixed-Methods Study,Stanley Luchters; Wilkister Bosire; Amy Feng; Marlise L. Richter; Nzioki King’ola; Frances Ampt; Marleen Temmerman; Matthew F. Chersich,5045288,,https://www.ncbi.nlm.nih.gov/pmc/articles/PMC5045288/
Love; Trust; and HIV Risk Among Female Sex Workers and Their Intimate Male Partners,Jennifer L. Syvertsen; Angela Robertson Bazzi; Gustavo Martinez; M. Gudelia Rangel; Monica D. Ulibarri; Kirkpatrick B. Fergus; Hortensia Amaro; Steffanie A. Strathdee,4504285,,https://www.ncbi.nlm.nih.gov/pmc/articles/PMC4504285/
Factors mediating HIV risk among female sex workers in Europe: a systematic review and ecological analysis,Lucy Platt; Emma Jolley; Tim Rhodes; Vivian Hope; Alisher Latypov; Lucy Reynolds; David Wilson,3731729,,https://www.ncbi.nlm.nih.gov/pmc/articles/PMC3731729/
Findings from Encontros: a multi-level STI/HIV intervention to increase condom use; reduce STI; and change the social environment among sex workers in Brazil,Sheri A. Lippman; Magda Chinaglia; Angela A. Donini; Juan Diaz; Arthur Reingold; Deanna L. Kerrigan,3569054,1234422,https://www.ncbi.nlm.nih.gov/pmc/articles/PMC3569054/
Sex Work during the 2010 FIFA World Cup: Results from a Three-Wave Cross-Sectional Survey,Wim Delva; Marlise Richter; Petra De Koker; Matthew Chersich; Marleen Temmerman,3233553,,https://www.ncbi.nlm.nih.gov/pmc/articles/PMC3233553/
Prevalence of HIV and Other Sexually Transmitted Infections among Female Sex Workers in Kisumu; Western Kenya; 1997 and 2008,Hilde M. Vandenhoudt; Lilian Langat; Joris Menten; Fredrick Odongo; Simon Oswago; Geoffrey Luttah; Clement Zeh; Tania Crucitti; Kayla Laserson; John Vulule; Anne Buve,3553007,2189196;259567;259441;258228;173149;46587,https://www.ncbi.nlm.nih.gov/pmc/articles/PMC3553007/
Successes and gaps in uptake of regular; voluntary HIV testing for hidden street- and off-street sex workers in Vancouver; Canada,KN Deering; JS Montaner; J Chettiar; J Jia; G Ogilvie; C Buchner; C Feng; SA Strathdee; K Shannon,4312501,,https://www.ncbi.nlm.nih.gov/pmc/articles/PMC4312501/
Condom use among female sex workers and their non-commercial partners: Effects of a sexual risk intervention in two Mexican cities,Monica D. Ulibarri; Steffanie A. Strathdee; Remedios Lozada; Hugo S. Staines-Orozco; Daniela Abramovitz; Shirley Semple; Gustavo A. Martínez; Thomas L. Patterson,3353829,4199465,https://www.ncbi.nlm.nih.gov/pmc/articles/PMC3353829/
Mucosal Blood Group Antigen Expression Profiles and HIV Infections: A Study among Female Sex Workers in Kenya,Nadia Musimbi Chanzu; Walter Mwanda; Julius Oyugi; Omu Anzala,4505875,,https://www.ncbi.nlm.nih.gov/pmc/articles/PMC4505875/
Perceived control over condom use among sex workers in Madagascar: a cohort study,Audrey Pettifor; Abigail Norris Turner; Teresa Swezey; Maria Khan; Mbolatiana SM Raharinivo; Bodo Randrianasolo; Ana Penman-Aguilar; Kathleen Van Damme; Denise J Jamieson; Frieda Behets,2828400,1195057,https://www.ncbi.nlm.nih.gov/pmc/articles/PMC2828400/
Time to unsafe sexual practice among cross-border female sex workers in Metemma Yohannes; North West Ethiopia,Lemma Derseh Gezie; Belaynew Wassie Taye; Tadesse Awoke Ayele,4517351,,https://www.ncbi.nlm.nih.gov/pmc/articles/PMC4517351/
Predictors of Injection Cessation and Relapse among Female Sex Workers who Inject Drugs in Two Mexican-US Border Cities,Brooke S. West; Daniela Abramovitz; Hugo Staines; Alicia Vera; Thomas L. Patterson; Steffanie A. Strathdee; for Proyecto Mujer Mas Segura,4794460,1429492,https://www.ncbi.nlm.nih.gov/pmc/articles/PMC4794460/
A Descriptive Profile of Abused Female Sex Workers in India,Subadra Panchanadeswaran; Sethulakshmi C. Johnson; Sudha Sivaram; A.K. Srikrishnan; Carla Zelaya; Suniti Solomon; Vivian F. Go; David Celentano,2980885,,https://www.ncbi.nlm.nih.gov/pmc/articles/PMC2980885/
Risk perception of sexually transmitted infections and HIV in Nigerian commercial sex workers in Barcelona: a qualitative study,Núria Coma Auli; Cília Mejía-Lancheros; Anna Berenguera; Enriqueta Pujol-Ribera,4480001,,https://www.ncbi.nlm.nih.gov/pmc/articles/PMC4480001/
Resilience and Syndemic Risk Factors among African American Female Sex Workers,Mance E. Buttram; Hilary L. Surratt; Steven P. Kurtz,3875600,,https://www.ncbi.nlm.nih.gov/pmc/articles/PMC3875600/
The Effect of a Structural Intervention for Syphilis Control Among 3597 Female Sex Workers: A Demonstration Study in South China,Baoxi Wang; Qian-Qiu Wang; Yue-Ping Yin; Guo-Jun Liang; Ning Jiang; Xiang-Dong Gong; Bin Yang; Yue-Jiao Zhou; Qiao Liu; Xi-Ping Huan; Li-Gang Yang; Guang-Jie Tan; Dong-Nu Pei; Joseph D. Tucker; Xiang-Sheng Chen,3634304,,https://www.ncbi.nlm.nih.gov/pmc/articles/PMC3634304/
Determinants of condom breakage among female sex workers in Karnataka; India,Janet Bradley; S Rajaram; Michel Alary; Shajy Isac; Reynold Washington; Stephen Moses; BM Ramesh,3287552,,https://www.ncbi.nlm.nih.gov/pmc/articles/PMC3287552/
Assessment of Respondent Driven Sampling for Recruiting Female Sex Workers in Two Vietnamese Cities: Reaching the Unseen Sex Worker,Lisa Grazina Johnston; Keith Sabin; Mai Thu Hien; Pham Thi Huong,1705478,2363053;1294214;1188878;463501;394570,https://www.ncbi.nlm.nih.gov/pmc/articles/PMC1705478/
Entamoeba histolytica Infection in Female Sex Workers: A Matched Case-Control Study in Durango; Mexico,Cosme Alvarado-Esquivel; Luis Francisco Sanchez-Anguiano; Jesus Hernandez-Tinoco; Sergio Estrada-Martinez; Alma Rosa Perez-Alamos; Agar Ramos-Nevarez; Sandra Margarita Cerrillo-Soto; Carlos Alberto Guido-Arreola,5458661,,https://www.ncbi.nlm.nih.gov/pmc/articles/PMC5458661/
HIV-1 Negative Female Sex Workers Sustain High Cervical IFNε; Low Immune Activation and Low Expression of HIV-1 Required Host Genes,Shaheed A. Abdulhaqq; Carmen Zorrilla; Guobin Kang; Xiangfan Yin; Vivian Tamayo; Kelly E. Seaton; Jocelin Joseph; Sheyla Garced; Georgia D. Tomaras; Kristin A. Linn; Andrea S. Foulkes; Livio Azzoni; Matthew VerMilyea; Christos Coutifaris; Andrew V. Kossenkov; Louise Showe; Edmundo N. Kraiselburd; Qingsheng Li; Luis J. Montaner,4864149,,https://www.ncbi.nlm.nih.gov/pmc/articles/PMC4864149/
Police sexual coercion and its association with risky sex work and substance use behaviors among female sex workers in St. Petersburg and Orenburg; Russia,Veronika Odinokova; Maia Rusakova; Lianne A Urada; Jay G Silverman; Anita Raj,4211608,,https://www.ncbi.nlm.nih.gov/pmc/articles/PMC4211608/
Differentiated Typology of Sex Work and Implication for HIV Prevention Programs among Female Sex Workers in Nepal,Shiva Raj Mishra; Sanjeev Raj Neupane,4347026,,https://www.ncbi.nlm.nih.gov/pmc/articles/PMC4347026/
Effects of government registration on unprotected sex among female sex workers in Tijuana; Mexico,Nicole Sirotin; Steffanie A. Strathdee; Remedios Lozada; Daniela Abramovitz; Shirley J. Semple; Jesús Bucardo; Thomas L. Patterson,2991616,372905,https://www.ncbi.nlm.nih.gov/pmc/articles/PMC2991616/
Blunted IL17/IL22 and Pro-Inflammatory Cytokine Responses in the Genital Tract and Blood of HIV-Exposed; Seronegative Female Sex Workers in Kenya,Duncan Chege; Yijie Chai; Sanja Huibner; Taylor Kain; Charles Wachihi; Makubo Kimani; Samson Barasa; Lyle R. McKinnon; Festus K. Muriuki; Anthony Kariri; Walter Jaoko; Omu Anzala; Joshua Kimani; T. Blake Ball; Francis A. Plummer; Rupert Kaul,3425491,,https://www.ncbi.nlm.nih.gov/pmc/articles/PMC3425491/
‘It is like a tomato stall where someone can pick what he likes’: structure and practices of female sex work in Kampala; Uganda,Martin Mbonye; Sarah Nakamanya; Winifred Nalukenge; Rachel King; Judith Vandepitte; Janet Seeley,3751244,,https://www.ncbi.nlm.nih.gov/pmc/articles/PMC3751244/
THE STREET COST OF DRUGS AND DRUG USE PATTERNS: RELATIONSHIPS WITH SEX WORK INCOME IN AN URBAN CANADIAN SETTING,KN Deering; J Shoveller; MW Tyndall; JS Montaner; K Shannon,3392208,5472055;5470544;3714395;3621312;3476452;3463104;3437326;3437321;3432916;3426360;2257873,https://www.ncbi.nlm.nih.gov/pmc/articles/PMC3392208/
SUBSTANCE USE AND HIV INFECTION AWARENESS AMONG HIV-INFECTED FEMALE SEX WORKERS IN LILONGWE; MALAWI,Kathryn E. Lancaster; Vivian F. Go; Thandie Lungu; Pearson Mmodzi; Mina C. Hosseinipour; Katy Chadwick; Kimberly A. Powers; Brian W. Pence; Irving F. Hoffman; William C. Miller,4829472,,https://www.ncbi.nlm.nih.gov/pmc/articles/PMC4829472/
Community mobilization; empowerment and HIV prevention among female sex workers in south India,Andrea K Blanchard; Haranahalli Lakkappa Mohan; Maryam Shahmanesh; Ravi Prakash; Shajy Isac; Banadakoppa Manjappa Ramesh; Parinita Bhattacharjee; Vandana Gurnani; Stephen Moses; James F Blanchard,3621162,,https://www.ncbi.nlm.nih.gov/pmc/articles/PMC3621162/
Factors associated with pathways toward concurrent sex work and injection drug use among female sex workers who inject drugs in Northern Mexico,Meghan D. Morris; Hector Lemus; Karla D. Wagner; Gustavo Martinez; Remedios Lozada; Rangel María Gudelia Gómez; Steffanie A. Strathdee,3481016,4457935;2525836;364274;362691;360370;333900;331610;238321;208038;160436,https://www.ncbi.nlm.nih.gov/pmc/articles/PMC3481016/
High rates of reinfection and incidence of bacterial sexually transmitted infections in a cohort of female sex workers from two Indian cities: need for different STI control strategies?,Anjana Das; Anupam Khungar Pathni; Prakash Narayanan; Bitra George; Guy Morineau; Tobi Saidel; Parimi Prabhakar; Gururaj Rao Deshpande; Raman Gangakhedkar; Sanjay Mehendale; Arun Risbud,3582065,1880611,https://www.ncbi.nlm.nih.gov/pmc/articles/PMC3582065/
Engagement with HIV Prevention Treatment and Care among Female Sex Workers in Zimbabwe: a Respondent Driven Sampling Survey,Frances M. Cowan; Sibongile Mtetwa; Calum Davey; Elizabeth Fearon; Jeffrey Dirawo; Ramona Wong-Gruenwald; Theresa Ndikudze; Samson Chidiya; Clemens Benedikt; Joanna Busza; James R. Hargreaves,3797143,,https://www.ncbi.nlm.nih.gov/pmc/articles/PMC3797143/
Global Burden of HIV among Men Who Engage in Transactional Sex: A Systematic Review and Meta-Analysis,Catherine E. Oldenburg; Amaya G. Perez-Brumer; Sari L. Reisner; Jason Mattie; Till Bärnighausen; Kenneth H. Mayer; Matthew J. Mimiaga,4113434,2592034;2591996;2591994;2149076;2025121;1786230,https://www.ncbi.nlm.nih.gov/pmc/articles/PMC4113434/
Analysis of duration of risk behaviour for key populations: a literature review,Erika Fazito; Paloma Cuchi; Mary Mahy; Tim Brown,3512397,,https://www.ncbi.nlm.nih.gov/pmc/articles/PMC3512397/
An Effective HIV Risk Reduction Protocol for Drug-Using Women Sex Workers,Hilary L. Surratt; James A. Inciardi,2879022,,https://www.ncbi.nlm.nih.gov/pmc/articles/PMC2879022/
Social and Structural Constraints on Disclosure and Informed Consent for HIV Survey Research Involving Female Sex Workers and their Bar Managers in the Philippines,Lianne A. Urada; Janie Simmons,4217476,2398450;1534565;423508,https://www.ncbi.nlm.nih.gov/pmc/articles/PMC4217476/
Peer Outreach Work as Economic Activity: Implications for HIV Prevention Interventions among Female Sex Workers,Annie George; Kim M. Blankenship,4361609,4785741,https://www.ncbi.nlm.nih.gov/pmc/articles/PMC4361609/
Examining the sociocultural context of HIV-related risk behaviors among kathoey (maleto-female transgender women) sex workers in Bangkok; Thailand,Tooru Nemoto; Taylor Cruz; Mariko Iwamoto; Karen Trocki; Usaneya Perngparn; Chitlada Areesantichai; Sachiko Suzuki; Colin Roberts,4748389,2024784;2009737;1976798,https://www.ncbi.nlm.nih.gov/pmc/articles/PMC4748389/
Hombre Seguro (Safe Men): a sexual risk reduction intervention for male clients of female sex workers,Eileen V Pitpitan; Claudia V Chavarin; Shirley J Semple; Carlos Magis-Rodriguez; Steffanie A Strathdee; Thomas L Patterson,4045912,2002407,https://www.ncbi.nlm.nih.gov/pmc/articles/PMC4045912/
Prevalence of HIV and other sexually transmitted infections and factors associated with syphilis among female sex workers in Panama,Shilpa Hakre; Griselda Arteaga; Aurelio E Núñez; Christian T Bautista; Aimee Bolen; Maria Villarroel; Sheila A Peel; Gabriela Paz-Bailey; Paul T Scott; Juan M Pascale; the Panama HIV EPI Group,3595153,,https://www.ncbi.nlm.nih.gov/pmc/articles/PMC3595153/
Factors associated with condom use negotiation by female sex workers in Bangladesh,Nazmul Alam; Mahbub Elahi Chowdhury; Malay K. Mridha; Anisuddin Ahmed; Laura J. Reichenbach; Peter Kim Streatfield; Tasnim Azim,3897248,2189515;2115261;2114754;2114398;2114371;2114315;2113843;363181;279577,https://www.ncbi.nlm.nih.gov/pmc/articles/PMC3897248/
HIV risk practices by female sex workers according to workplace,Giseli Nogueira Damacena; Célia Landmann Szwarcwald; Paulo Roberto Borges de Souza; Júnior,4203086,3570799,https://www.ncbi.nlm.nih.gov/pmc/articles/PMC4203086/
Systematic review of interventions to reduce illicit drug use in female drug-dependent street sex workers,Nikki Jeal; John Macleod; Katrina Turner; Chris Salisbury,4654393,,https://www.ncbi.nlm.nih.gov/pmc/articles/PMC4654393/
Work-related violence and inconsistent condom use with non-paying partners among female sex workers in Adama City; Ethiopia,Alyssa Mooney; Aklilu Kidanu; Heather M Bradley; Evelyn Kuor Kumoji; Caitlin E Kennedy; Deanna Kerrigan,3765972,,https://www.ncbi.nlm.nih.gov/pmc/articles/PMC3765972/
Prevalence of Rape and Client-Initiated Gender-Based Violence Among Female Sex Workers: Kampala; Uganda; 2012,Amee Schwitters; Mahesh Swaminathan; David Serwadda; Michael Muyonga; Ray W. Shiraishi; Irene Benech; Sasha Mital; Rose Bosa; George Lubwama; Wolfgang Hladik,4724433,,https://www.ncbi.nlm.nih.gov/pmc/articles/PMC4724433/
HIV and STI Prevalence and Risk Factors Among Male Sex Workers and Other Men Who Have Sex With Men in Nairobi; Kenya,Nicholas Muraguri; Waimar Tun; Jerry Okal; Dita Broz; H. Fisher Raymond; Timothy Kellogg; Sufia Dadabhai; Helgar Musyoki; Meredith Sheehy; David Kuria; Reinhard Kaiser; Scott Geibel,4973514,,https://www.ncbi.nlm.nih.gov/pmc/articles/PMC4973514/
Confidentiality; Privacy; and Respect: Experiences of Female Sex Workers Participating in HIV Research in Andhra Pradesh; India,Elizabeth Reed; Kaveh Khoshnood; Kim M. Blankenship; Celia B. Fisher,4111636,,https://www.ncbi.nlm.nih.gov/pmc/articles/PMC4111636/
Occupational safety and HIV risk among female sex workers in China: A mixed-methods analysis of sex-work harms and mommies,Huso Yi; Tiantian Zheng; Yanhai Wan; Joanne E. Mantell; Minah Park; Joanne Csete,3883761,,https://www.ncbi.nlm.nih.gov/pmc/articles/PMC3883761/
Changing cost o f HIV interventions in the context of scaling-up in India,Lalit Dandona; S.G. Prem Kumar; Y.K. Ramesh; M. Chalapathi Rao; A. Anod Kumar; Elliot Marseille; James G. Kahn; Rakhi Dandona,3688470,2944891;1259854,https://www.ncbi.nlm.nih.gov/pmc/articles/PMC3688470/
High Level of Soluble HLA-G in the Female Genital Tract of Beninese Commercial Sex Workers Is Associated with HIV-1 Infection,Valérie Thibodeau; Julie Lajoie; Annie-Claude Labbé; Marcel D. Zannou; Keith R. Fowke; Michel Alary; Johanne Poudrier; Michel Roger,3179477,,https://www.ncbi.nlm.nih.gov/pmc/articles/PMC3179477/
Patterns of sexual behaviour of male patients before testing HIV-positive in a Cambodian hospital; Phnom Penh,Phan Sok; Joseph I. Harwell; Lynne Dansereau; Stephen McGarvey; Mark Lurie; Kenneth H. Mayer,2853752,5384181;4268176;3880923;2783382,https://www.ncbi.nlm.nih.gov/pmc/articles/PMC2853752/
Understanding the role of peer group membership in reducing HIV-related risk and vulnerability among female sex workers in Karnataka; India,Parinita Bhattacharjee; Ravi Prakash; Priya Pillai; Shajy Isac; Mohan Haranahalli; Andrea Blanchard; Maryam Shahmanesh; James Blanchard; Stephen Moses,4003574,,https://www.ncbi.nlm.nih.gov/pmc/articles/PMC4003574/
Prevalence and Correlates of Female Condom Use and Interest Among Injection Drug-Using Female Sex Workers in Two Mexico–US Border Cities,Jamila K. Stockman; Meghan D. Morris; Gustavo Martinez; Remedios Lozada; Thomas L. Patterson; Monica D. Ulibarri; Alicia Vera; Steffanie A. Strathdee,3461315,,https://www.ncbi.nlm.nih.gov/pmc/articles/PMC3461315/
Impact evaluation of a community-based intervention to reduce risky sexual behaviour among female sex workers in Shanghai; China,Juan Liu; Liviana Calzavara; Joshua B Mendelsohn; Ann O’Leary; Laiyi Kang; Qichao Pan; Ted Myers; Jinma Ren; Yanfeng Cha; Guozheng Shi; Xiaofeng Liu; Xiuhong Tian; Huili Fan; Yinqing Ni; Robert S Remis,4377073,,https://www.ncbi.nlm.nih.gov/pmc/articles/PMC4377073/
RISKY HEALTH ENVIRONMENTS:WOMEN SEX WORKERS’ STRUGGLES TO FIND SAFE; SECURE AND NON-EXPLOITATIVE HOUSING IN CANADA’S POOREST POSTAL CODE,L Lazarus; J Chettiar; K Deering; R Nabess; K Shannon,3355978,4448924;3394775,https://www.ncbi.nlm.nih.gov/pmc/articles/PMC3355978/
Navigating the swampy lowland: a framework for evaluating the effect of community mobilisation in female sex workers in Avahan; the India AIDS Initiative,Christine Galavotti; Tisha Wheeler; Anne Sebert Kuhlmann; Niranjan Saggurti; Pradeep Narayanan; Usha Kiran; Gina Dallabetta,3603680,,https://www.ncbi.nlm.nih.gov/pmc/articles/PMC3603680/
Underage and underserved: reaching young women who sell sex in Zimbabwe,Joanna Busza; Sibongile Mtetwa; Rumbidzo Mapfumo; Dagmar Hanisch; Ramona Wong-Gruenwald; Frances Cowan,4991229,,https://www.ncbi.nlm.nih.gov/pmc/articles/PMC4991229/
Outcomes of a Behavioral Intervention to Reduce HIV Risk among Drug-involved Female Sex Workers,Hilary L. Surratt; Catherine O’Grady; Steven P. Kurtz; Maria A. Levi-Minzi; Minxing Chen,3967788,,https://www.ncbi.nlm.nih.gov/pmc/articles/PMC3967788/
The sexual health of male sex workers in England: analysis of cross-sectional data from genitourinary medicine clinics,Louise Mc Grath-Lone; Kimberly Marsh; Gwenda Hughes; Helen Ward,3913221,,https://www.ncbi.nlm.nih.gov/pmc/articles/PMC3913221/
Indicators of Mobility; Socio-Economic Vulnerabilities and HIV Risk Behaviours Among Mobile Female Sex Workers in India,Niranjan Saggurti; Anrudh K. Jain; Mary Philip Sebastian; Rajendra Singh; Hanimi Reddy Modugu; Shiva S. Halli; Ravi K. Verma,3618410,,https://www.ncbi.nlm.nih.gov/pmc/articles/PMC3618410/
Antiretroviral Therapy Uptake; Attrition; Adherence and Outcomes among HIV-Infected Female Sex Workers: A Systematic Review and Meta-Analysis,Elisa Mountain; Sharmistha Mishra; Peter Vickerman; Michael Pickles; Charles Gilks; Marie-Claude Boily,4179256,2327375;1862844;1795467;498147,https://www.ncbi.nlm.nih.gov/pmc/articles/PMC4179256/
Foster Care History and HIV Infection among Drug-Using African American Female Sex Workers,Hilary L. Surratt; Steven P. Kurtz,3234336,,https://www.ncbi.nlm.nih.gov/pmc/articles/PMC3234336/
Effect of public-private partnership in treatment of sexually transmitted infections among female sex workers in Andhra Pradesh; India,Suresh Babu Kokku; Bidhubhusan Mahapatra; Saroj Tucker; Niranjan Saggurti; Parimi Prabhakar,4001342,,https://www.ncbi.nlm.nih.gov/pmc/articles/PMC4001342/
Sex work and the 2010 FIFA World Cup: time for public health imperatives to prevail,Marlise L Richter; Matthew F Chersich; Fiona Scorgie; Stanley Luchters; Marleen Temmerman; Richard Steen,2829543,5025298;1061546,https://www.ncbi.nlm.nih.gov/pmc/articles/PMC2829543/
The organisation; operational dynamics and structure of female sex work in Pakistan,Faran Emmanuel; Laura H Thompson; Uzma Athar; Momina Salim; Altaf Sonia; Naeem Akhtar; James F Blanchard,3756447,3989987,https://www.ncbi.nlm.nih.gov/pmc/articles/PMC3756447/
The Role of Dyad-Level Factors in Shaping Sexual and Drug-Related HIV/STI Risks among Sex Workers with Intimate Partners,Elena Argento; Kate Shannon; Paul Nguyen; Sabina Dobrer; Jill Chettiar; Kathleen N. Deering,4678956,,https://www.ncbi.nlm.nih.gov/pmc/articles/PMC4678956/
High Prevalence and Partner Correlates of Physical and Sexual Violence by Intimate Partners among Street and Off-Street Sex Workers,Elena Argento; Katherine A. Muldoon; Putu Duff; Annick Simo; Kathleen N. Deering; Kate Shannon,4092091,1385431;1384593;1282091;332322,https://www.ncbi.nlm.nih.gov/pmc/articles/PMC4092091/
‘Who is Helsinki?’ Sex workers advise improving communication for good participatory practice in clinical trials,Melissa Hope Ditmore; Dan Allman,3099186,,https://www.ncbi.nlm.nih.gov/pmc/articles/PMC3099186/
HIV risk among female sex workers in Miami: The impact of violent victimization and untreated mental illness,Hilary L. Surratt; Steven P. Kurtz; Minxing Chen; Angela Mooss,3342480,5403173;4950909;3842772;3636676;2850553;2839467;2807945;2570240;2075316;1180186;507451;442940;54765,https://www.ncbi.nlm.nih.gov/pmc/articles/PMC3342480/
Alcohol and Sexual Risk Behavior among Migrant Female Sex Workers and Male Workers in Districts with High In-Migration from Four High HIV Prevalence States in India,Ravi K. Verma; Niranjan Saggurti; Ajay K. Singh; Suvakanta N. Swain,3664742,,https://www.ncbi.nlm.nih.gov/pmc/articles/PMC3664742/
High Seroprevalence of Toxoplasma Gondii Infection in Female Sex Workers: A Case-Control Study,Cosme Alvarado-Esquivel; Luis Francisco Sánchez-Anguiano; Jesús Hernández-Tinoco; Emilio Arreola-Cháidez; Juan López; Karla Itzel Salcido-Meraz; Sergio Estrada-Martínez; José Antonio Navarrete-Flores; Alma Rosa Pérez-Álamos; Marcia Hernández-Ochoa; Elizabeth Rábago-Sánchez; Oliver Liesenfeld,4681356,,https://www.ncbi.nlm.nih.gov/pmc/articles/PMC4681356/
Optimal Allocation of Resources in Female Sex Worker Targeted HIV Prevention Interventions: Model Insights from Avahan in South India,Jasmina Panovska-Griffiths; Anna Vassall; Holly J. Prudden; Aurélia Lépine; Marie-Claude Boily; Sudha Chandrashekar; Kate M. Mitchell; Tara S. Beattie; Michel Alary; Natasha K. Martin; Peter Vickerman,4182672,,https://www.ncbi.nlm.nih.gov/pmc/articles/PMC4182672/
HIV prevention and care services for female sex workers: efficacy of a targeted community-based intervention in Burkina Faso,Isidore T Traore; Nicolas Meda; Noelie M Hema; Djeneba Ouedraogo; Felicien Some; Roselyne Some; Josiane Niessougou; Anselme Sanon; Issouf Konate; Philippe Van De Perre; Philippe Mayaud; Nicolas Nagot,4571618,,https://www.ncbi.nlm.nih.gov/pmc/articles/PMC4571618/
Human papillomavirus infection and cervical dysplasia in female sex workers in Northeast China: an observational study,Haiqing Jia; Xiaobin Wang; Zaiqiu Long; Liankun Li,4512111,,https://www.ncbi.nlm.nih.gov/pmc/articles/PMC4512111/
HIV-related risk perception among female sex workers in Nigeria,Augustine Ankomah; Godpower Omoregie; Zacch Akinyemi; Jennifer Anyanti; Olaronke Ladipo; Samson Adebayo,3218705,,https://www.ncbi.nlm.nih.gov/pmc/articles/PMC3218705/
Impact of five years of peer-mediated interventions on sexual behavior and sexually transmitted infections among female sex workers in Mombasa; Kenya,Stanley Luchters; Matthew F Chersich; Agnes Rinyiru; Mary-Stella Barasa; Nzioki King'ola; Kishorchandra Mandaliya; Wilkister Bosire; Sam Wambugu; Peter Mwarogo; Marleen Temmerman,2397398,1467655;1179952;1143829,https://www.ncbi.nlm.nih.gov/pmc/articles/PMC2397398/
HIV Due to Female Sex Work: Regional and Global Estimates,Annette Prüss-Ustün; Jennyfer Wolf; Tim Driscoll; Louisa Degenhardt; Maria Neira; Jesus Maria Garcia Calleja,3662690,,https://www.ncbi.nlm.nih.gov/pmc/articles/PMC3662690/
Sex Work and Its Associations With Alcohol and Methamphetamine Use Among Female Bar and Spa Workers in the Philippines,Lianne A. Urada; Steffanie A. Strathdee; Donald E. Morisky; Robert F. Schilling; Nymia P. Simbulan; Leonardo R. Estacio; Jr; Anita Raj,4065166,,https://www.ncbi.nlm.nih.gov/pmc/articles/PMC4065166/
Exploring the Context of Trafficking and Adolescent Sex Industry Involvement in Tijuana; Mexico: Consequences for HIV Risk and Prevention,Shira M. Goldenberg; Jay G. Silverman; David Engstrom; Ietza Bojorquez-Chapela; Paula Usita; María Luisa Rolón; Steffanie A. Strathdee,4703414,,https://www.ncbi.nlm.nih.gov/pmc/articles/PMC4703414/
The Impact of Sex Work Interruption on Blood-Derived T Cells in Sex Workers from Nairobi; Kenya,Kenneth Omollo; Geneviève Boily-Larouche; Julie Lajoie; Makobu Kimani; Julianna Cheruiyot; Joshua Kimani; Julius Oyugi; Keith Raymond Fowke,5067831,,https://www.ncbi.nlm.nih.gov/pmc/articles/PMC5067831/
Unpacking the ‘structural’ in a structural approach for HIV prevention among female sex workers: A case study from China,Yingying Huang; Kathryn E. Muessig; Ning Zhang; Suzanne Maman,4509851,481571;325000;324965;287632,https://www.ncbi.nlm.nih.gov/pmc/articles/PMC4509851/
Where Sex Ends and Emotions Begin: Love and HIV Risk among Female Sex Workers and their Intimate; Non-Commercial Partners along the Mexico-U.S. Border,Jennifer L. Syvertsen; Angela M. Robertson; Lawrence A. Palinkas; M. Gudelia Rangel; Gustavo Martinez; Steffanie A. Strathdee,3674135,,https://www.ncbi.nlm.nih.gov/pmc/articles/PMC3674135/
Community Collectivization and Consistent Condom Use Among Female Sex Workers in Southern India: Evidence from Two Rounds of Behavioral Tracking Surveys,Shanti Vejella; Sangram Kishor Patel; Niranjan Saggurti; Parimi Prabhakar,4799261,,https://www.ncbi.nlm.nih.gov/pmc/articles/PMC4799261/
Knowledge and exercise of human rights; and barriers and facilitators to claiming rights: a cross-sectional study of female sex workers and high-risk men who have sex with men in Andhra Pradesh; India,Deepika Ganju; Sangram Kishor Patel; Parimi Prabhakar; Rajatashurva Adhikary,5112884,,https://www.ncbi.nlm.nih.gov/pmc/articles/PMC5112884/
Stigma against HIV/AIDS among female sex workers and general migrant women in eastern China,Ying Yang; Jun Wang; Feifei Lin; Tao Zhang; Feng Yu; Yanping Zhao; Tiejun Zhang,4316807,,https://www.ncbi.nlm.nih.gov/pmc/articles/PMC4316807/
Debe cuidarse en la calle: Normative influences on condom use among the steady male partners of female sex workers in the Dominican Republic,Clare Barrington; Deanna Kerrigan,4141031,,https://www.ncbi.nlm.nih.gov/pmc/articles/PMC4141031/
Mujer Mas Segura (Safer Women): a combination prevention intervention to reduce sexual and injection risks among female sex workers who inject drugs,Alicia Vera; Daniela Abramovitz; Remedios Lozada; Gustavo Martinez; M Gudelia Rangel; Hugo Staines; Thomas L Patterson; Steffanie A Strathdee,3490986,4626874;2896480;2542839;2192589;2190935;2189635;2189475;2188650;2188175;2119338;2118828;2118363;442995;361302;305924;282396;50330,https://www.ncbi.nlm.nih.gov/pmc/articles/PMC3490986/
HIV and associated risk factors among male clients of female sex workers in a Chinese border region,Kathleen H. Reilly; Junjie Wang; Zhibin Zhu; Shuanghe Li; Tinghua Yang; Guowei Ding; Han-Zhu Qian; Patricia Kissinger; Ning Wang,3458308,,https://www.ncbi.nlm.nih.gov/pmc/articles/PMC3458308/
Statistical design and analysis plan for an impact evaluation of an HIV treatment and prevention intervention for female sex workers in Zimbabwe: a study protocol for a cluster randomised controlled trial,James R. Hargreaves; Elizabeth Fearon; Calum Davey; Andrew Phillips; Valentina Cambiano; Frances M. Cowan,4700631,2595462,https://www.ncbi.nlm.nih.gov/pmc/articles/PMC4700631/
Addressing vulnerabilities of female sex workers in an HIV prevention intervention in Mumbai and Thane: experiences from the Aastha project,Virupax Ranebennur; Sanjeevsingh Gaikwad; Sowmya Ramesh; Amrita Bhende,3933664,,https://www.ncbi.nlm.nih.gov/pmc/articles/PMC3933664/
U.S. Drug Use and Migration experiences of Mexican Female Sex Workers who are injection Drug Users,Victoria D. Ojeda; José Luis Burgos; María Gudelia Rangel; Remedios Lozada; Alicia Vera,4232365,,https://www.ncbi.nlm.nih.gov/pmc/articles/PMC4232365/
Transactional Sex Risk across a Typology of Rural and Urban Female Sex Workers in Indonesia: A Mixed Methods Study,Dewi Ismajani Puradiredja; Ernestina Coast,3532430,,https://www.ncbi.nlm.nih.gov/pmc/articles/PMC3532430/
A Qualitative Study of Medical Mistrust; Perceived Discrimination; and Risk Behavior Disclosure to Clinicians by U.S. Male Sex Workers and Other Men Who Have Sex with Men: Implications for Biomedical HIV Prevention,Kristen Underhill; Kathleen M. Morrow; Christopher Colleran; Richard Holcomb; Sarah K. Calabrese; Don Operario; Omar Galárraga; Kenneth H. Mayer,4524849,,https://www.ncbi.nlm.nih.gov/pmc/articles/PMC4524849/
Assessment of the scale; coverage and outcomes of the Avahan HIV prevention program for female sex workers in Tamil Nadu; India: is there evidence of an effect?,S Thilakavathi; K Boopathi; CP Girish Kumar; A Santhakumar; R Senthilkumar; C Eswaramurthy; V Ilaya Bharathy; L Ramakrishnan; G Thongamba; R Adhikary; R Paranjape,3287556,,https://www.ncbi.nlm.nih.gov/pmc/articles/PMC3287556/
Violence as a Barrier for HIV Prevention among Female Sex Workers in Argentina,María A. Pando; Romina S. Coloccini; Elena Reynaga; Marcelo Rodriguez Fermepin; Lucia Gallo Vaulet; Tadeusz J. Kochel; Silvia M. Montano; María M. Avila,3546931,,https://www.ncbi.nlm.nih.gov/pmc/articles/PMC3546931/
Correlates of STI symptoms among female sex workers with truck driver clients in two Mexican border towns,Nadine E Chen; Steffanie A Strathdee; Felipe J Uribe-Salas; Thomas L Patterson; Maria Gudelia Rangel; Perth Rosen; Kimberly C Brouwer,3528625,4149759,https://www.ncbi.nlm.nih.gov/pmc/articles/PMC3528625/
Same-sex sexual behavior of men in Kenya: Implications for HIV prevention; programs; and policy,S. Geibel,3987482,,https://www.ncbi.nlm.nih.gov/pmc/articles/PMC3987482/
Relationship between mobility; violence and major depression among female sex workers: a cross-sectional study in southern India,Sangram Kishor Patel; Deepika Ganju; Parimi Prabhakar; Rajatashuvra Adhikary,5020745,,https://www.ncbi.nlm.nih.gov/pmc/articles/PMC5020745/
Factors Associated with Variations in Population HIV Prevalence across West Africa: Findings from an Ecological Analysis,Holly J. Prudden; Tara S. Beattie; Natalia Bobrova; Jasmina Panovska-Griffiths; Zindoga Mukandavire; Marelize Gorgens; David Wilson; Charlotte H. Watts,4689529,,https://www.ncbi.nlm.nih.gov/pmc/articles/PMC4689529/
Correlates of Self-efficacy for Condom Use among Male Clients of Female Sex Workers in Tijuana; Mexico,Tyson Volkmann; Karla D. Wagner; Steffanie A. Strathdee; Shirley J. Semple; Danielle C. Ompad; Claudia V. Chavarin; Thomas L. Patterson,3851585,,https://www.ncbi.nlm.nih.gov/pmc/articles/PMC3851585/
